ID,FRAMEWORK_ID,TABLE_ID
1,EBA_FINREP,EBA_FINREP_EBA_F_18_00_c_FINREP_3_0-Ind
2,EBA_FINREP,EBA_FINREP_EBA_F_06_01_FINREP_3_0-Ind
3,EBA_FINREP,EBA_FINREP_EBA_F_07_02_FINREP_3_0-Ind
4,EBA_FINREP,EBA_FINREP_EBA_F_08_01_a_FINREP_3_0-Ind
5,EBA_FINREP,EBA_FINREP_EBA_F_08_01_b_FINREP_3_0-Ind
6,EBA_FINREP,EBA_FINREP_EBA_F_08_02_FINREP_3_0-Ind
7,EBA_FINREP,EBA_FINREP_EBA_F_09_01_FINREP_3_0-Ind
8,EBA_FINREP,EBA_FINREP_EBA_F_09_02_FINREP_3_0-Ind
9,EBA_FINREP,EBA_FINREP_EBA_F_10_00_FINREP_3_0-Ind
10,EBA_FINREP,EBA_FINREP_EBA_F_11_01_FINREP_3_0-Ind
11,EBA_FINREP,EBA_FINREP_EBA_F_11_02_FINREP_3_0-Ind
12,EBA_FINREP,EBA_FINREP_EBA_F_11_03_FINREP_3_0-Ind
13,EBA_FINREP,EBA_FINREP_EBA_F_11_03_1_FINREP_3_0-Ind
14,EBA_AE,EBA_AE_EBA_F_34_00_c_AE_3_2
15,EBA_AE,EBA_AE_EBA_F_32_03_a_AE_3_2
16,EBA_AE,EBA_AE_EBA_F_32_04_b_AE_3_2
17,EBA_AE,EBA_AE_EBA_F_36_02_c_AE_3_2
18,EBA_AE,EBA_AE_EBA_F_32_02_b_AE_3_2
19,EBA_AE,EBA_AE_EBA_F_36_01_b_AE_3_2
20,EBA_FINREP,EBA_FINREP_EBA_F_13_02_FINREP_2016-A
21,EBA_FINREP,EBA_FINREP_EBA_F_17_01_FINREP_2016-A
22,EBA_FINREP,EBA_FINREP_EBA_F_17_02_FINREP_2016-A
23,EBA_FINREP,EBA_FINREP_EBA_F_31_02_FINREP_2016-A
24,EBA_FINREP,EBA_FINREP_EBA_F_04_09_FINREP_2016-A
25,EBA_FINREP,EBA_FINREP_EBA_F_11_02_FINREP_2016-A
26,EBA_FINREP,EBA_FINREP_EBA_F_06_00_FINREP_2016-A
27,EBA_FINREP,EBA_FINREP_EBA_F_20_07_FINREP_2016-A
28,EBA_FINREP,EBA_FINREP_EBA_F_45_01_FINREP_2016-A
29,EBA_AE,EBA_AE_EBA_F_34_00_a_AE_3_2
30,EBA_AE,EBA_AE_EBA_F_33_00_b_AE_3_2
31,EBA_FINREP,EBA_FINREP_EBA_F_11_04_FINREP_3_0-Ind
32,EBA_FINREP,EBA_FINREP_EBA_F_12_02_FINREP_3_0-Ind
33,EBA_FINREP,EBA_FINREP_EBA_F_13_02_1_a_FINREP_3_0-Ind
34,EBA_FINREP,EBA_FINREP_EBA_F_13_02_1_b_FINREP_3_0-Ind
35,EBA_FINREP,EBA_FINREP_EBA_F_04_05_FINREP_3_0-Ind
36,EBA_FINREP,EBA_FINREP_EBA_F_04_06_FINREP_3_0-Ind
37,EBA_FINREP,EBA_FINREP_EBA_F_04_07_FINREP_3_0-Ind
38,EBA_FINREP,EBA_FINREP_EBA_F_13_03_1_a_FINREP_3_0-Ind
39,EBA_FINREP,EBA_FINREP_EBA_F_13_03_1_b_FINREP_3_0-Ind
40,EBA_FINREP,EBA_FINREP_EBA_F_14_00_FINREP_3_0-Ind
41,EBA_FINREP,EBA_FINREP_EBA_F_15_00_a_FINREP_3_0-Ind
42,EBA_FINREP,EBA_FINREP_EBA_F_40_01_FINREP_2017-A
43,EBA_FINREP,EBA_FINREP_EBA_F_43_00_FINREP_2017-A
44,EBA_FINREP,EBA_FINREP_EBA_F_01_03_FINREP_2017-A
45,EBA_FINREP,EBA_FINREP_EBA_F_20_01_FINREP_2_8
46,EBA_FINREP,EBA_FINREP_EBA_F_20_04_FINREP_2_8
47,EBA_FINREP,EBA_FINREP_EBA_F_08_02_FINREP_2_8
48,EBA_FINREP,EBA_FINREP_EBA_F_20_02_FINREP_2_8
49,EBA_FINREP,EBA_FINREP_EBA_F_05_01_FINREP_2_8
50,EBA_FINREP,EBA_FINREP_EBA_F_07_01_FINREP_2_8
51,EBA_FINREP,EBA_FINREP_EBA_F_07_02_FINREP_2_8
52,EBA_FINREP,EBA_FINREP_EBA_F_20_03_FINREP_2_8
53,EBA_FINREP,EBA_FINREP_EBA_F_06_01_FINREP_2017-A
54,EBA_FINREP,EBA_FINREP_EBA_F_05_01_FINREP_2017-A
55,EBA_FINREP,EBA_FINREP_EBA_F_15_00_a_FINREP_2017-A
56,EBA_FINREP,EBA_FINREP_EBA_F_18_00_a_FINREP_2017-A
57,EBA_FINREP,EBA_FINREP_EBA_F_18_00_b_FINREP_2017-A
58,EBA_FINREP,EBA_FINREP_EBA_F_18_00_c_FINREP_2017-A
59,EBA_FINREP,EBA_FINREP_EBA_F_19_00_a_FINREP_2017-A
60,EBA_FINREP,EBA_FINREP_EBA_F_19_00_b_FINREP_2017-A
61,EBA_FINREP,EBA_FINREP_EBA_F_19_00_c_FINREP_2017-A
62,EBA_FINREP,EBA_FINREP_EBA_F_19_00_d_FINREP_2017-A
63,EBA_FINREP,EBA_FINREP_EBA_F_15_00_b_FINREP_3_0-Ind
64,EBA_FINREP,EBA_FINREP_EBA_F_16_01_FINREP_3_0-Ind
65,EBA_FINREP,EBA_FINREP_EBA_F_16_02_FINREP_3_0-Ind
66,EBA_FINREP,EBA_FINREP_EBA_F_16_03_FINREP_3_0-Ind
67,EBA_FINREP,EBA_FINREP_EBA_F_16_04_FINREP_3_0-Ind
68,EBA_FINREP,EBA_FINREP_EBA_F_16_04_1_FINREP_3_0-Ind
69,EBA_FINREP,EBA_FINREP_EBA_F_16_05_FINREP_3_0-Ind
70,EBA_FINREP,EBA_FINREP_EBA_F_16_06_FINREP_3_0-Ind
71,EBA_FINREP,EBA_FINREP_EBA_F_16_07_a_FINREP_3_0-Ind
72,EBA_FINREP,EBA_FINREP_EBA_F_16_07_b_FINREP_3_0-Ind
73,EBA_FINREP,EBA_FINREP_EBA_F_20_01_FINREP_2017-A
74,EBA_FINREP,EBA_FINREP_EBA_F_31_01_FINREP_2017-A
75,EBA_FINREP,EBA_FINREP_EBA_F_31_02_FINREP_2017-A
76,EBA_FINREP,EBA_FINREP_EBA_F_30_02_FINREP_2_8
77,EBA_FINREP,EBA_FINREP_EBA_F_17_01_FINREP_3_0-Ind
78,EBA_FINREP,EBA_FINREP_EBA_F_17_02_FINREP_3_0-Ind
79,EBA_FINREP,EBA_FINREP_EBA_F_17_03_FINREP_3_0-Ind
80,EBA_FINREP,EBA_FINREP_EBA_F_19_00_a_FINREP_3_0-Ind
81,EBA_FINREP,EBA_FINREP_EBA_F_19_00_b_FINREP_3_0-Ind
82,EBA_FINREP,EBA_FINREP_EBA_F_19_00_c_FINREP_3_0-Ind
83,EBA_FINREP,EBA_FINREP_EBA_F_19_00_d_FINREP_3_0-Ind
84,EBA_FINREP,EBA_FINREP_EBA_F_19_00_e_FINREP_3_0-Ind
85,EBA_FINREP,EBA_FINREP_EBA_F_20_01_FINREP_3_0-Ind
86,EBA_FINREP,EBA_FINREP_EBA_F_20_02_FINREP_3_0-Ind
87,EBA_FINREP,EBA_FINREP_EBA_F_20_05_a_FINREP_3_0-Ind
88,EBA_FINREP,EBA_FINREP_EBA_F_20_05_b_FINREP_3_0-Ind
89,EBA_FINREP,EBA_FINREP_EBA_F_20_06_FINREP_3_0-Ind
90,EBA_FINREP,EBA_FINREP_EBA_F_20_07_1_FINREP_3_0-Ind
91,EBA_FINREP,EBA_FINREP_EBA_F_21_00_FINREP_3_0-Ind
92,EBA_FINREP,EBA_FINREP_EBA_F_22_01_FINREP_3_0-Ind
93,EBA_FINREP,EBA_FINREP_EBA_F_22_02_FINREP_3_0-Ind
94,EBA_FINREP,EBA_FINREP_EBA_F_16_08_FINREP_3_0-Ind
95,EBA_FINREP,EBA_FINREP_EBA_F_30_01_FINREP_3_0-Ind
96,EBA_FINREP,EBA_FINREP_EBA_F_30_02_FINREP_3_0-Ind
97,EBA_FINREP,EBA_FINREP_EBA_F_31_01_FINREP_3_0-Ind
98,EBA_FINREP,EBA_FINREP_EBA_F_31_02_FINREP_3_0-Ind
99,EBA_FINREP,EBA_FINREP_EBA_F_41_01_FINREP_3_0-Ind
100,EBA_FINREP,EBA_FINREP_EBA_F_41_02_FINREP_3_0-Ind
101,EBA_FINREP,EBA_FINREP_EBA_F_23_01_FINREP_2_9
102,EBA_FINREP,EBA_FINREP_EBA_F_23_02_FINREP_2_9
103,EBA_FINREP,EBA_FINREP_EBA_F_23_03_FINREP_2_9
104,EBA_FINREP,EBA_FINREP_EBA_F_23_04_FINREP_2_9
105,EBA_FINREP,EBA_FINREP_EBA_F_23_05_FINREP_2_9
106,EBA_FINREP,EBA_FINREP_EBA_F_23_06_FINREP_2_9
107,EBA_FINREP,EBA_FINREP_EBA_F_18_02_a_FINREP_2_9
108,EBA_FINREP,EBA_FINREP_EBA_F_18_00_a_FINREP_2_9
109,EBA_FINREP,EBA_FINREP_EBA_F_19_00_a_FINREP_2_9
110,EBA_FINREP,EBA_FINREP_EBA_F_24_01_FINREP_2_9
111,EBA_FINREP,EBA_FINREP_EBA_F_24_02_FINREP_2_9
112,EBA_FINREP,EBA_FINREP_EBA_F_03_00_FINREP_2_8
113,EBA_FINREP,EBA_FINREP_EBA_F_12_01_a_FINREP_2_8
114,EBA_FINREP,EBA_FINREP_EBA_F_12_01_b_FINREP_2_8
115,EBA_FINREP,EBA_FINREP_EBA_F_13_02_1_a_FINREP_2_9
116,EBA_FINREP,EBA_FINREP_EBA_F_13_02_1_b_FINREP_2_9
117,EBA_FINREP,EBA_FINREP_EBA_F_13_03_1_a_FINREP_2_9
118,EBA_FINREP,EBA_FINREP_EBA_F_16_08_FINREP_2_9
119,EBA_FINREP,EBA_FINREP_EBA_F_18_00_d_FINREP_2_9
120,EBA_FINREP,EBA_FINREP_EBA_F_18_00_e_FINREP_2_9
121,EBA_FINREP,EBA_FINREP_EBA_F_43_00_FINREP_3_0-Ind
122,EBA_FINREP,EBA_FINREP_EBA_F_44_02_FINREP_3_0-Ind
123,EBA_FINREP,EBA_FINREP_EBA_F_44_01_FINREP_3_0-Ind
124,EBA_FINREP,EBA_FINREP_EBA_F_44_03_FINREP_3_0-Ind
125,EBA_FINREP,EBA_FINREP_EBA_F_45_01_FINREP_3_0-Ind
126,EBA_FINREP,EBA_FINREP_EBA_F_45_02_FINREP_3_0-Ind
127,EBA_FINREP,EBA_FINREP_EBA_F_45_03_FINREP_3_0-Ind
128,EBA_FINREP,EBA_FINREP_EBA_F_46_00_FINREP_3_0-Ind
129,EBA_AE,EBA_AE_EBA_F_33_00_a_AE_2014-03
130,EBA_AE,EBA_AE_EBA_F_33_00_b_AE_2014-03
131,EBA_AE,EBA_AE_EBA_F_34_00_a_AE_2014-03
132,EBA_AE,EBA_AE_EBA_F_34_00_b_AE_2014-03
133,EBA_AE,EBA_AE_EBA_F_36_01_a_AE_2014-03
134,EBA_AE,EBA_AE_EBA_F_36_01_b_AE_2014-03
135,EBA_AE,EBA_AE_EBA_F_36_01_c_AE_2014-03
136,EBA_AE,EBA_AE_EBA_F_36_02_a_AE_2014-03
137,EBA_AE,EBA_AE_EBA_F_36_02_b_AE_2014-03
138,EBA_AE,EBA_AE_EBA_F_36_02_c_AE_2014-03
139,EBA_AE,EBA_AE_EBA_F_35_00_a_AE_2014-03
140,EBA_AE,EBA_AE_EBA_F_35_00_b_AE_2014-03
141,EBA_AE,EBA_AE_EBA_F_36_02_a_AE_3_0
142,EBA_AE,EBA_AE_EBA_F_36_02_b_AE_3_0
143,EBA_FINREP,EBA_FINREP_EBA_F_18_01_FINREP_2_9
144,EBA_FINREP,EBA_FINREP_EBA_F_19_00_e_FINREP_2_9
145,EBA_FINREP,EBA_FINREP_EBA_F_24_03_FINREP_2_9
146,EBA_FINREP,EBA_FINREP_EBA_F_25_01_a_FINREP_2_9
147,EBA_FINREP,EBA_FINREP_EBA_F_08_02_FINREP
148,EBA_FINREP,EBA_FINREP_EBA_F_09_02_FINREP
149,EBA_FINREP,EBA_FINREP_EBA_F_14_00_FINREP
150,EBA_FINREP,EBA_FINREP_EBA_F_30_01_FINREP
151,EBA_FINREP,EBA_FINREP_EBA_F_16_01_b_FINREP
152,EBA_FINREP,EBA_FINREP_EBA_F_16_02_FINREP
153,EBA_FINREP,EBA_FINREP_EBA_F_16_03_FINREP
154,EBA_FINREP,EBA_FINREP_EBA_F_16_04_FINREP
155,EBA_FINREP,EBA_FINREP_EBA_F_16_06_FINREP
156,EBA_FINREP,EBA_FINREP_EBA_F_08_01_a_FINREP_2014-03
157,EBA_FINREP,EBA_FINREP_EBA_F_08_01_b_FINREP_2014-03
158,EBA_FINREP,EBA_FINREP_EBA_F_41_02_FINREP_2014-03
159,EBA_FINREP,EBA_FINREP_EBA_F_20_05_b_FINREP_2014-03
160,EBA_FINREP,EBA_FINREP_EBA_F_20_06_FINREP_2014-03
161,EBA_FINREP,EBA_FINREP_EBA_F_04_05_FINREP
162,EBA_FINREP,EBA_FINREP_EBA_F_13_03_FINREP
163,EBA_FINREP,EBA_FINREP_EBA_F_22_02_FINREP
164,EBA_FINREP,EBA_FINREP_EBA_F_41_01_FINREP
165,EBA_FINREP,EBA_FINREP_EBA_F_41_03_FINREP
166,EBA_FINREP,EBA_FINREP_EBA_F_44_01_FINREP
167,EBA_FINREP,EBA_FINREP_EBA_F_44_02_FINREP
168,EBA_FINREP,EBA_FINREP_EBA_F_44_03_FINREP
169,EBA_FINREP,EBA_FINREP_EBA_F_45_03_FINREP
170,EBA_FINREP,EBA_FINREP_EBA_F_40_02_FINREP
171,EBA_FINREP,EBA_FINREP_EBA_F_04_06_FINREP
172,EBA_FINREP,EBA_FINREP_EBA_F_04_07_FINREP
173,EBA_FINREP,EBA_FINREP_EBA_F_25_03_a_FINREP_2_9
174,EBA_FINREP,EBA_FINREP_EBA_F_26_00_a_FINREP_2_9
175,EBA_FINREP,EBA_FINREP_EBA_F_44_04_FINREP_2_9
176,EBA_FINREP,EBA_FINREP_EBA_F_47_00_FINREP_2_9
177,EBA_FINREP,EBA_FINREP_EBA_F_02_00_FINREP_2_9
178,EBA_FINREP,EBA_FINREP_EBA_F_04_03_1_FINREP_2_9
179,EBA_FINREP,EBA_FINREP_EBA_F_04_04_1_FINREP_2_9
180,EBA_FINREP,EBA_FINREP_EBA_F_04_08_FINREP_2_9
181,EBA_FINREP,EBA_FINREP_EBA_F_04_09_FINREP_2_9
182,EBA_FINREP,EBA_FINREP_EBA_F_04_10_FINREP_2_9
183,EBA_FINREP,EBA_FINREP_EBA_F_06_01_FINREP_2_9
184,EBA_FINREP,EBA_FINREP_EBA_F_08_01_a_FINREP_2_9
185,EBA_FINREP,EBA_FINREP_EBA_F_12_01_a_FINREP_2_9
186,EBA_FINREP,EBA_FINREP_EBA_F_13_01_FINREP_2_9
187,EBA_FINREP,EBA_FINREP_EBA_F_19_00_b_FINREP_2_9
188,EBA_FINREP,EBA_FINREP_EBA_F_19_00_c_FINREP_2_9
189,EBA_FINREP,EBA_FINREP_EBA_F_19_00_d_FINREP_2_9
190,EBA_FINREP,EBA_FINREP_EBA_F_20_05_a_FINREP_2_9
191,EBA_FINREP,EBA_FINREP_EBA_F_22_01_FINREP_2_9
192,EBA_FINREP,EBA_FINREP_EBA_F_42_00_FINREP_2_9
193,EBA_FINREP,EBA_FINREP_EBA_F_25_02_a_FINREP_2_9
194,EBA_AE,EBA_AE_EBA_F_36_02_c_AE_3_0
195,EBA_AE,EBA_AE_EBA_F_32_01_AE_2014-03
196,EBA_AE,EBA_AE_EBA_F_32_02_a_AE_2014-03
197,EBA_AE,EBA_AE_EBA_F_32_02_b_AE_2014-03
198,EBA_AE,EBA_AE_EBA_F_32_03_a_AE_2014-03
199,EBA_AE,EBA_AE_EBA_F_32_03_b_AE_2014-03
200,EBA_AE,EBA_AE_EBA_F_32_04_a_AE_2014-03
201,EBA_AE,EBA_AE_EBA_F_35_00_d_AE_2014-03
202,EBA_AE,EBA_AE_EBA_A_00_01_AE_2014-03
203,EBA_AE,EBA_AE_EBA_F_32_04_b_AE_2014-07
204,EBA_AE,EBA_AE_EBA_F_34_00_c_AE_2016-A
205,EBA_AE,EBA_AE_EBA_F_35_00_c_AE_2016-A
206,EBA_AE,EBA_AE_EBA_F_34_00_c_AE_2017-A
207,EBA_AE,EBA_AE_EBA_F_32_04_b_AE_2_8
208,EBA_AE,EBA_AE_EBA_F_32_01_AE_3_0
209,EBA_AE,EBA_AE_EBA_F_32_02_a_AE_3_0
210,EBA_AE,EBA_AE_EBA_F_32_02_b_AE_3_0
211,EBA_AE,EBA_AE_EBA_F_32_03_a_AE_3_0
212,EBA_AE,EBA_AE_EBA_F_32_03_b_AE_3_0
213,EBA_AE,EBA_AE_EBA_F_34_00_a_AE_3_0
214,EBA_AE,EBA_AE_EBA_F_34_00_b_AE_3_0
215,EBA_AE,EBA_AE_EBA_F_32_04_a_AE_3_0_1
216,EBA_AE,EBA_AE_EBA_F_32_04_b_AE_3_0_1
217,EBA_AE,EBA_AE_EBA_F_34_00_c_AE_3_0
218,EBA_AE,EBA_AE_EBA_F_36_01_a_AE_3_0
219,EBA_AE,EBA_AE_EBA_F_36_01_b_AE_3_0
220,EBA_FINREP,EBA_FINREP_EBA_F_44_03_FINREP_2_9
221,EBA_FINREP,EBA_FINREP_EBA_F_45_02_FINREP_2_9
222,EBA_FINREP,EBA_FINREP_EBA_F_04_08_FINREP
223,EBA_FINREP,EBA_FINREP_EBA_F_04_10_FINREP
224,EBA_FINREP,EBA_FINREP_EBA_F_11_01_FINREP
225,EBA_FINREP,EBA_FINREP_EBA_F_16_05_FINREP
226,EBA_FINREP,EBA_FINREP_EBA_F_00_01_FINREP
227,EBA_FINREP,EBA_FINREP_EBA_F_25_02_b_FINREP_3_0-Ind
228,EBA_FINREP,EBA_FINREP_EBA_F_25_02_c_FINREP_3_0-Ind
229,EBA_FINREP,EBA_FINREP_EBA_F_40_01_FINREP_3_0-Ind
230,EBA_FINREP,EBA_FINREP_EBA_F_42_00_FINREP_3_0-Ind
231,EBA_FINREP,EBA_FINREP_EBA_F_00_01_FINREP_3_0-Ind
232,EBA_FINREP,EBA_FINREP_EBA_F_01_01_FINREP_3_0-Ind
233,EBA_FINREP,EBA_FINREP_EBA_F_01_02_FINREP_3_0-Ind
234,EBA_FINREP,EBA_FINREP_EBA_F_01_03_FINREP_3_0-Ind
235,EBA_FINREP,EBA_FINREP_EBA_F_04_04_FINREP_2015-A
236,EBA_FINREP,EBA_FINREP_EBA_F_07_00_FINREP_2015-A
237,EBA_FINREP,EBA_FINREP_EBA_F_09_01_FINREP_2015-A
238,EBA_FINREP,EBA_FINREP_EBA_F_05_00_FINREP_2015-A
239,EBA_FINREP,EBA_FINREP_EBA_F_16_07_a_FINREP_2015-A
240,EBA_FINREP,EBA_FINREP_EBA_F_16_07_b_FINREP_2015-A
241,EBA_FINREP,EBA_FINREP_EBA_F_40_02_FINREP_3_0-Ind
242,EBA_FINREP,EBA_FINREP_EBA_F_12_00_FINREP_2015-A
243,EBA_FINREP,EBA_FINREP_EBA_F_20_02_FINREP_2015-A
244,EBA_FINREP,EBA_FINREP_EBA_F_20_04_FINREP_2015-A
245,EBA_FINREP,EBA_FINREP_EBA_F_20_05_a_FINREP_2015-A
246,EBA_FINREP,EBA_FINREP_EBA_F_25_01_d_FINREP_2_9
247,EBA_FINREP,EBA_FINREP_EBA_F_25_02_b_FINREP_2_9
248,EBA_FINREP,EBA_FINREP_EBA_F_25_03_b_FINREP_2_9
249,EBA_FINREP,EBA_FINREP_EBA_F_26_00_b_FINREP_2_9
250,EBA_FINREP,EBA_FINREP_EBA_F_25_02_c_FINREP_2_9
251,EBA_FINREP,EBA_FINREP_EBA_F_18_02_b_FINREP_2_9
252,EBA_FINREP,EBA_FINREP_EBA_F_13_03_1_b_FINREP_2_9
253,EBA_FINREP,EBA_FINREP_EBA_F_18_02_c_FINREP_2_9
254,EBA_FINREP,EBA_FINREP_EBA_F_20_04_FINREP_2_9_1-Ind
255,EBA_FINREP,EBA_FINREP_EBA_F_04_03_1_FINREP_3_0-Ind
256,EBA_FINREP,EBA_FINREP_EBA_F_04_04_1_FINREP_3_0-Ind
257,EBA_FINREP,EBA_FINREP_EBA_F_07_01_FINREP_3_0-Ind
258,EBA_FINREP,EBA_FINREP_EBA_F_09_01_1_FINREP_3_0-Ind
259,EBA_FINREP,EBA_FINREP_EBA_F_12_00_FINREP_3_0-Ind
260,EBA_FINREP,EBA_FINREP_EBA_F_12_01_a_FINREP_3_0-Ind
261,EBA_FINREP,EBA_FINREP_EBA_F_12_01_b_FINREP_3_0-Ind
262,EBA_FINREP,EBA_FINREP_EBA_F_16_01_FINREP_2_9
263,EBA_FINREP,EBA_FINREP_EBA_F_18_00_b_FINREP_2_9
264,EBA_FINREP,EBA_FINREP_EBA_F_18_00_c_FINREP_2_9
265,EBA_FINREP,EBA_FINREP_EBA_F_25_01_b_FINREP_2_9
266,EBA_FINREP,EBA_FINREP_EBA_F_25_01_c_FINREP_2_9
267,EBA_AE,EBA_AE_EBA_F_36_01_c_AE_3_0
268,EBA_FINREP,EBA_FINREP_EBA_F_18_00_a_FINREP_2016-A
269,EBA_FINREP,EBA_FINREP_EBA_F_18_00_b_FINREP_2016-A
270,EBA_FINREP,EBA_FINREP_EBA_F_18_00_c_FINREP_2016-A
271,EBA_FINREP,EBA_FINREP_EBA_F_19_00_a_FINREP_2016-A
272,EBA_FINREP,EBA_FINREP_EBA_F_19_00_b_FINREP_2016-A
273,EBA_FINREP,EBA_FINREP_EBA_F_19_00_c_FINREP_2016-A
274,EBA_FINREP,EBA_FINREP_EBA_F_19_00_d_FINREP_2016-A
275,EBA_FINREP,EBA_FINREP_EBA_F_04_01_FINREP_2017-A
276,EBA_FINREP,EBA_FINREP_EBA_F_08_02_FINREP_2017-A
277,EBA_FINREP,EBA_FINREP_EBA_F_09_02_FINREP_2017-A
278,EBA_FINREP,EBA_FINREP_EBA_F_14_00_FINREP_2017-A
279,EBA_FINREP,EBA_FINREP_EBA_F_30_01_FINREP_2017-A
280,EBA_FINREP,EBA_FINREP_EBA_F_16_02_FINREP_2017-A
281,EBA_FINREP,EBA_FINREP_EBA_F_16_03_FINREP_2017-A
282,EBA_FINREP,EBA_FINREP_EBA_F_16_04_FINREP_2017-A
283,EBA_FINREP,EBA_FINREP_EBA_F_16_06_FINREP_2017-A
284,EBA_FINREP,EBA_FINREP_EBA_F_04_05_FINREP_2017-A
285,EBA_FINREP,EBA_FINREP_EBA_F_13_03_FINREP_2017-A
286,EBA_FINREP,EBA_FINREP_EBA_F_22_02_FINREP_2017-A
287,EBA_FINREP,EBA_FINREP_EBA_F_41_01_FINREP_2017-A
288,EBA_FINREP,EBA_FINREP_EBA_F_44_01_FINREP_2017-A
289,EBA_AE,EBA_AE_EBA_F_36_02_b_AE_3_2
290,EBA_AE,EBA_AE_EBA_F_35_00_a_AE_3_2
291,EBA_FINREP,EBA_FINREP_EBA_F_13_01_FINREP_3_0-Ind
292,EBA_FINREP,EBA_FINREP_EBA_F_18_00_d_FINREP_3_0-Ind
293,EBA_FINREP,EBA_FINREP_EBA_F_18_00_e_FINREP_3_0-Ind
294,EBA_FINREP,EBA_FINREP_EBA_F_20_03_FINREP_3_0-Ind
295,EBA_FINREP,EBA_FINREP_EBA_F_20_04_FINREP_3_0-Ind
296,EBA_FINREP,EBA_FINREP_EBA_F_25_01_a_FINREP_3_0-Ind
297,EBA_FINREP,EBA_FINREP_EBA_F_25_01_b_FINREP_3_0-Ind
298,EBA_FINREP,EBA_FINREP_EBA_F_25_01_c_FINREP_3_0-Ind
299,EBA_FINREP,EBA_FINREP_EBA_F_25_01_d_FINREP_3_0-Ind
300,EBA_FINREP,EBA_FINREP_EBA_F_25_02_a_FINREP_3_0-Ind
301,EBA_FINREP,EBA_FINREP_EBA_F_02_00_FINREP_3_0-Ind
302,EBA_FINREP,EBA_FINREP_EBA_F_03_00_FINREP_3_0-Ind
303,EBA_FINREP,EBA_FINREP_EBA_F_04_01_FINREP_3_0-Ind
304,EBA_FINREP,EBA_FINREP_EBA_F_04_02_1_FINREP_3_0-Ind
305,EBA_FINREP,EBA_FINREP_EBA_F_04_02_2_FINREP_3_0-Ind
306,EBA_FINREP,EBA_FINREP_EBA_F_04_08_FINREP_3_0-Ind
307,EBA_FINREP,EBA_FINREP_EBA_F_04_09_FINREP_3_0-Ind
308,EBA_FINREP,EBA_FINREP_EBA_F_04_10_FINREP_3_0-Ind
309,EBA_FINREP,EBA_FINREP_EBA_F_05_01_FINREP_3_0-Ind
310,EBA_FINREP,EBA_FINREP_EBA_F_18_00_a_FINREP_3_0-Ind
311,EBA_FINREP,EBA_FINREP_EBA_F_18_00_b_FINREP_3_0-Ind
312,EBA_AE,EBA_AE_EBA_F_32_03_b_AE_3_2
313,EBA_AE,EBA_AE_EBA_F_36_01_c_AE_3_2
314,EBA_AE,EBA_AE_EBA_F_32_02_a_AE_3_2
315,EBA_AE,EBA_AE_EBA_F_32_04_a_AE_3_2
316,EBA_AE,EBA_AE_EBA_F_35_00_d_AE_3_2
317,EBA_AE,EBA_AE_EBA_F_35_00_c_AE_3_2
318,EBA_AE,EBA_AE_EBA_F_36_01_a_AE_3_2
319,EBA_AE,EBA_AE_EBA_F_34_00_b_AE_3_2
320,EBA_FINREP,EBA_FINREP_EBA_F_30_02_FINREP_2015-A
321,EBA_FINREP,EBA_FINREP_EBA_F_22_01_FINREP_2015-A
322,EBA_FINREP,EBA_FINREP_EBA_F_03_00_FINREP_2015-A
323,EBA_FINREP,EBA_FINREP_EBA_F_46_00_FINREP_2015-A
324,EBA_FINREP,EBA_FINREP_EBA_F_13_01_FINREP_2015-A
325,EBA_FINREP,EBA_FINREP_EBA_F_42_00_FINREP_2015-A
326,EBA_FINREP,EBA_FINREP_EBA_F_21_00_FINREP_2015-A
327,EBA_FINREP,EBA_FINREP_EBA_F_43_00_FINREP_2015-A
328,EBA_FINREP,EBA_FINREP_EBA_F_17_03_FINREP_2015-A
329,EBA_FINREP,EBA_FINREP_EBA_F_45_02_FINREP_2015-A
330,EBA_FINREP,EBA_FINREP_EBA_F_40_01_FINREP_2015-B
331,EBA_FINREP,EBA_FINREP_EBA_F_01_01_FINREP_2016-A
332,EBA_FINREP,EBA_FINREP_EBA_F_01_02_FINREP_2016-A
333,EBA_FINREP,EBA_FINREP_EBA_F_02_00_FINREP_2016-A
334,EBA_FINREP,EBA_FINREP_EBA_F_10_00_FINREP_2016-A
335,EBA_FINREP,EBA_FINREP_EBA_F_15_00_a_FINREP_2016-A
336,EBA_FINREP,EBA_FINREP_EBA_F_15_00_b_FINREP_2016-A
337,EBA_FINREP,EBA_FINREP_EBA_F_20_01_FINREP_2016-A
338,EBA_FINREP,EBA_FINREP_EBA_F_20_03_FINREP_2016-A
339,EBA_FINREP,EBA_FINREP_EBA_F_31_01_FINREP_2016-A
340,EBA_FINREP,EBA_FINREP_EBA_F_16_01_a_FINREP_2016-A
341,EBA_AE,EBA_AE_EBA_A_00_01_AE_3_2
342,EBA_AE,EBA_AE_EBA_F_32_01_AE_3_2
343,EBA_AE,EBA_AE_EBA_F_33_00_a_AE_3_2
344,EBA_AE,EBA_AE_EBA_F_36_02_a_AE_3_2
345,EBA_AE,EBA_AE_EBA_F_35_00_b_AE_3_2
346,EBA_FINREP,EBA_FINREP_EBA_F_01_03_FINREP
347,EBA_FINREP,EBA_FINREP_EBA_F_44_02_FINREP_2017-A
348,EBA_FINREP,EBA_FINREP_EBA_F_44_03_FINREP_2017-A
349,EBA_FINREP,EBA_FINREP_EBA_F_45_03_FINREP_2017-A
350,EBA_FINREP,EBA_FINREP_EBA_F_40_02_FINREP_2017-A
351,EBA_FINREP,EBA_FINREP_EBA_F_04_06_FINREP_2017-A
352,EBA_FINREP,EBA_FINREP_EBA_F_04_07_FINREP_2017-A
353,EBA_FINREP,EBA_FINREP_EBA_F_04_08_FINREP_2017-A
354,EBA_FINREP,EBA_FINREP_EBA_F_04_10_FINREP_2017-A
355,EBA_FINREP,EBA_FINREP_EBA_F_11_01_FINREP_2017-A
356,EBA_FINREP,EBA_FINREP_EBA_F_16_05_FINREP_2017-A
357,EBA_FINREP,EBA_FINREP_EBA_F_08_01_a_FINREP_2017-A
358,EBA_FINREP,EBA_FINREP_EBA_F_04_01_FINREP
359,EBA_FINREP,EBA_FINREP_EBA_F_04_02_FINREP
360,EBA_FINREP,EBA_FINREP_EBA_F_04_03_FINREP
361,EBA_FINREP,EBA_FINREP_EBA_F_08_01_b_FINREP_2017-A
362,EBA_FINREP,EBA_FINREP_EBA_F_41_02_FINREP_2017-A
363,EBA_FINREP,EBA_FINREP_EBA_F_20_05_b_FINREP_2017-A
364,EBA_FINREP,EBA_FINREP_EBA_F_20_06_FINREP_2017-A
365,EBA_FINREP,EBA_FINREP_EBA_F_09_01_FINREP_2017-A
366,EBA_FINREP,EBA_FINREP_EBA_F_16_07_a_FINREP_2017-A
367,EBA_FINREP,EBA_FINREP_EBA_F_16_07_b_FINREP_2017-A
368,EBA_FINREP,EBA_FINREP_EBA_F_12_00_FINREP_2017-A
369,EBA_FINREP,EBA_FINREP_EBA_F_20_02_FINREP_2017-A
370,EBA_FINREP,EBA_FINREP_EBA_F_20_04_FINREP_2017-A
371,EBA_FINREP,EBA_FINREP_EBA_F_20_05_a_FINREP_2017-A
372,EBA_FINREP,EBA_FINREP_EBA_F_30_02_FINREP_2017-A
373,EBA_FINREP,EBA_FINREP_EBA_F_22_01_FINREP_2017-A
374,EBA_FINREP,EBA_FINREP_EBA_F_03_00_FINREP_2017-A
375,EBA_FINREP,EBA_FINREP_EBA_F_13_01_FINREP_2017-A
376,EBA_FINREP,EBA_FINREP_EBA_F_42_00_FINREP_2017-A
377,EBA_FINREP,EBA_FINREP_EBA_F_21_00_FINREP_2017-A
378,EBA_FINREP,EBA_FINREP_EBA_F_17_03_FINREP_2017-A
379,EBA_FINREP,EBA_FINREP_EBA_F_01_01_FINREP_2017-A
380,EBA_FINREP,EBA_FINREP_EBA_F_01_02_FINREP_2017-A
381,EBA_FINREP,EBA_FINREP_EBA_F_15_00_b_FINREP_2017-A
382,EBA_FINREP,EBA_FINREP_EBA_F_20_03_FINREP_2017-A
383,EBA_FINREP,EBA_FINREP_EBA_F_16_01_FINREP_2017-A
384,EBA_FINREP,EBA_FINREP_EBA_F_13_02_FINREP_2017-A
385,EBA_FINREP,EBA_FINREP_EBA_F_17_01_FINREP_2017-A
386,EBA_FINREP,EBA_FINREP_EBA_F_17_02_FINREP_2017-A
387,EBA_FINREP,EBA_FINREP_EBA_F_04_09_FINREP_2017-A
388,EBA_FINREP,EBA_FINREP_EBA_F_20_07_1_FINREP_2017-A
389,EBA_FINREP,EBA_FINREP_EBA_F_45_01_FINREP_2017-A
390,EBA_FINREP,EBA_FINREP_EBA_F_04_02_1_FINREP_2017-A
391,EBA_FINREP,EBA_FINREP_EBA_F_04_03_1_FINREP_2017-A
392,EBA_FINREP,EBA_FINREP_EBA_F_04_04_1_FINREP_2017-A
393,EBA_FINREP,EBA_FINREP_EBA_F_07_01_FINREP_2017-A
394,EBA_FINREP,EBA_FINREP_EBA_F_07_02_FINREP_2017-A
395,EBA_FINREP,EBA_FINREP_EBA_F_11_03_FINREP_2017-A
396,EBA_FINREP,EBA_FINREP_EBA_F_11_03_1_FINREP_2017-A
397,EBA_FINREP,EBA_FINREP_EBA_F_11_04_FINREP_2017-A
398,EBA_FINREP,EBA_FINREP_EBA_F_12_01_a_FINREP_2017-A
399,EBA_FINREP,EBA_FINREP_EBA_F_12_02_FINREP_2017-A
400,EBA_FINREP,EBA_FINREP_EBA_F_16_04_1_FINREP_2017-A
401,EBA_FINREP,EBA_FINREP_EBA_F_09_01_1_FINREP_2017-A
402,EBA_FINREP,EBA_FINREP_EBA_F_45_02_FINREP_2017-A
403,EBA_FINREP,EBA_FINREP_EBA_F_11_02_FINREP_2017-A
404,EBA_FINREP,EBA_FINREP_EBA_F_04_02_2_FINREP_2017-A
405,EBA_FINREP,EBA_FINREP_EBA_F_02_00_FINREP_2017-A
406,EBA_FINREP,EBA_FINREP_EBA_F_46_00_FINREP_2017-A
407,EBA_FINREP,EBA_FINREP_EBA_F_10_00_FINREP_2017-A
408,EBA_FINREP,EBA_FINREP_EBA_F_12_01_b_FINREP_2017-A