VARIABLE_MAPPING_ID,MAINTENANCE_AGENCY_ID,CODE,NAME
DPM_mi170_Z,ECB,DPM_mi170_Z,Resolution mappings - share capital owned
DIM_DATA_TYPE_MIR,ECB,DIM_DATA_TYPE_MIR,DIM_DATA_TYPE_MIR variable mapping into reference
DIM_MATURITY_NOT_IRATE,ECB,DIM_MATURITY_NOT_IRATE,DIM_MATURITY_NOT_IRATE variable mapping into reference
DPM_ENC,ECB,DPM_ENC,Encumbrance intos Encumbered asset or collateral received and Available for encumbrance
DPM_EXC,ECB,DPM_EXC,Exposure class into Exposure class
DPM_LQC,ECB,DPM_LQC,DPM_LQC
DPM_CPC,ECB,DPM_CPC,DPM_CPC
DPM_ECC,ECB,DPM_ECC,Exposure class of the collateral received intoExposure class of the collateral received
DPM_SST,ECB,DPM_SST,Securitisation structure into Security rank level
DPM_CPE,ECB,DPM_CPE,Counterparty sector of the source of encumbrance into Institutional sector
DPM_EUT_RSDL_MTRY_LBLTY_INTRVL,ECB,DPM_EUT_RSDL_MTRY_LBLTY_INTRVL,Time of encumbrance into Residual maturity of the liability interval
DPM_SCC_RSDL_MTRY_CNTRCT,ECB,DPM_SCC_RSDL_MTRY_CNTRCT,Specific contract clauses or netting agreements into Residual maturity of the contract
DPM_REF_RES,ECB,DPM_REF_RES,Reference date or period and  Residual maturity into Time interval w.r.t. the reference date
DPM_CRA,ECB,DPM_CRA,Credit rating agency /Covered bond regime intos Credit rating agency and Statutory covered bond regime
DPM_LQA,ECB,DPM_LQA,Liquidity quality of assets into Eligible for central bank funding
DPM_OFS,ECB,DPM_OFS,Resolution mappings
VZ_3,ECB,VZ_3,Resolution mapping template Z_3
VZ_4,ECB,VZ_4,Resolution mapping template Z_4
VZ_5,ECB,VZ_5,Resolution mappings
VZ_6,ECB,VZ_6,Resolution mapping template Z_6
VZ_1,ECB,VZ_1,Resolution mapping template Z_1
VZ_2,ECB,VZ_2,Resolution mapping template Z_2
VZ_7,ECB,VZ_7,Resolution mapping template Z_7
DPM_ROL ,ECB,DPM_ROL ,reolution mapping 
DPM_ATY,ECB,DPM_ATY,Artificial variable for metrics mapping
DPM_mi292,ECB,DPM_mi292,DPM_mi292
DPM_mi295,ECB,DPM_mi295,DPM_mi295
DPM_mi297,ECB,DPM_mi297,DPM_mi297
DPM_pi695,ECB,DPM_pi695,DPM_pi695
DPM_pi769,ECB,DPM_pi769,DPM_pi769
TYP_RPRTNG_NCB,ECB,TYP_RPRTNG_NCB,Generation Mapping for Criterion for determining the NCB to which data will be reported
DPM_CTL,ECB,DPM_CTL,Mapping of Collateralisation level
DPM_IMS_F_23.02,ECB,DPM_IMS_F_23.02,Mapping of Impairment status for the template F23.02
DPM_ACCNTNG_FRMWRK,ECB,DPM_ACCNTNG_FRMWRK,Generation Mapping for Accounting framework
DPM_MCB_MCY_TMA_TRI,ECB,DPM_MCB_MCY_TMA_TRI,"Mapping of Main category, Type of risk, Type of market, Instrument"
DPM_ICG,ECB,DPM_ICG,DPM_ICG
DPM_ISS,ECB,DPM_ISS,DPM_ISS
DPM_CRE,ECB,DPM_CRE,DPM_CRE
DPM_CRG,ECB,DPM_CRG,DPM_CRG
DPM_LEG,ECB,DPM_LEG,DPM_LEG
DPM_BTI,ECB,DPM_BTI,Mapping of Instrument is listed on exchange
DPM_LCF,ECB,DPM_LCF,Mapping of Location of critical function
DPM_LEH,ECB,DPM_LEH,DPM_LEH
DPM_LCG,ECB,DPM_LCG,Mapping of Location of critical function (CF to LE)
DPM_LEJ,ECB,DPM_LEJ,DPM_LEJ
DPM_BLJ,ECB,DPM_BLJ,DPM_BLJ
DPM_BLK,ECB,DPM_BLK,DPM_BLK
DPM_LCH,ECB,DPM_LCH,Mapping of Location of critical function (CF to CBL)
DPM_CRI,ECB,DPM_CRI,Mapping of Critical function (CF to CBL)
DPM_LCI,ECB,DPM_LCI,Mapping of Location of critical function (CS to CF)
DPM_PCS,ECB,DPM_PCS,DPM_PCS
DPM_LEK,ECB,DPM_LEK,DPM_LEK
DPM_CRJ,ECB,DPM_CRJ,Mapping of Critical function (CS to CF)
DPM_CRK,ECB,DPM_CRK,Mapping of Critical function  (FMI to CF)
DPM_FMI,ECB,DPM_FMI,DPM_FMI
DPM_LCK,ECB,DPM_LCK,Mapping of Location of critical function (FMI to CF)
DPM_LEL,ECB,DPM_LEL,DPM_LEL
DPM_IST,ECB,DPM_IST,DPM_IST
DPM_IDT,ECB,DPM_IDT,DPM_IDT
DPM_LEM,ECB,DPM_LEM,DPM_LEM
DPM_ISR,ECB,DPM_ISR,DPM_ISR
DPM_bi628,ECB,DPM_bi628,DPM_bi628
DPM_bi629,ECB,DPM_bi629,DPM_bi629
DPM_bi630,ECB,DPM_bi630,DPM_bi630
DPM_ii592,ECB,DPM_ii592,DPM_ii592
DPM_bi565,ECB,DPM_bi565,DPM_bi565
DPM_ii631,ECB,DPM_ii631,DPM_ii631
DPM_bi571,ECB,DPM_bi571,DPM_bi571
DPM_mi184,ECB,DPM_mi184,DPM_mi184
DPM_mi235,ECB,DPM_mi235,DPM_mi235
DPM_mi236,ECB,DPM_mi236,DPM_mi236
DPM_mi237,ECB,DPM_mi237,DPM_mi237
DPM_mi308,ECB,DPM_mi308,DPM_mi308
DPM_mi591,ECB,DPM_mi591,DPM_mi591
DPM_mi76,ECB,DPM_mi76,DPM_mi76
DPM_mi81,ECB,DPM_mi81,DPM_mi81
DPM_pi271,ECB,DPM_pi271,DPM_pi271
DPM_pi317,ECB,DPM_pi317,DPM_pi317
DPM_pi590,ECB,DPM_pi590,DPM_pi590
DPM_si563,ECB,DPM_si563,DPM_si563
DPM_si564,ECB,DPM_si564,DPM_si564
DPM_si569,ECB,DPM_si569,DPM_si569
DPM_si576,ECB,DPM_si576,DPM_si576
DPM_si577,ECB,DPM_si577,DPM_si577
DPM_si579,ECB,DPM_si579,DPM_si579
DPM_si580,ECB,DPM_si580,DPM_si580
DPM_si585,ECB,DPM_si585,DPM_si585
DPM_si593,ECB,DPM_si593,DPM_si593
DPM_si632,ECB,DPM_si632,DPM_si632
DPM_ei319,ECB,DPM_ei319,Mapping of Group or individual
DPM_ei326,ECB,DPM_ei326,Mapping of Article 7 Waiver granted
DPM_ei555,ECB,DPM_ei555,Mapping of Type of entity
DPM_ei562,ECB,DPM_ei562,Mapping of Name of Deposit Guarantee Scheme (DGS)
DPM_ei566,ECB,DPM_ei566,Mapping of Degree of impact on market
DPM_ei567,ECB,DPM_ei567,Mapping of Degree of substitutability
DPM_ei572,ECB,DPM_ei572,Mapping of Estimated time for substitutability
DPM_ei573,ECB,DPM_ei573,Mapping of Estimated time for access to contracts
DPM_ei574,ECB,DPM_ei574,Mapping of Is resolution-proof contract
DPM_ei575,ECB,DPM_ei575,Mapping of FMI system type
DPM_ei578,ECB,DPM_ei578,Mapping of Mode of participation in FMI
DPM_ei581,ECB,DPM_ei581,Mapping of Country the law of which governs access to the FMI
DPM_ei584,ECB,DPM_ei584,Mapping of Type of information system
DPM_ei600,ECB,DPM_ei600,Mapping of Country the law of which governs the contract / master agreement
DPM_ei634,ECB,DPM_ei634,Mapping of Location of critical function
DPM_ei635,ECB,DPM_ei635,Mapping of Critical function ID
DPM_BAS_CLS_CTL_CIR_CPY_MCB_MCY_OFS,ECB,DPM_BAS_CLS_CTL_CIR_CPY_MCB_MCY_OFS,"Mapping of Base, Main category, Own funds, Collateral status, Counterparty nature, Creditor / Insolvency ranking, Instrument, Collateralisation level"
DPM_CRL,ECB,DPM_CRL,Mapping of Critical function (IS to LE and CF)
DPM_BAS_MCY_OFS,ECB,DPM_BAS_MCY_OFS,"Mapping of Base, Main category, Own funds"
DPM_BAS_MCY_CNO_MCI_RPR,ECB,DPM_BAS_MCY_CNO_MCI_RPR,"Mapping of Base, Main category, Controlling and non-controlling owners, Main category provided of Investee, Related parties/Relationships"
DPM_MCY_RES,ECB,DPM_MCY_RES,Mapping of Main category
DPM_GTR,ECB,DPM_GTR,Mapping of Guarantor
DPM_COM,ECB,DPM_COM,Mapping of Type of financial interconnection
DPM_BAS_MCY_RES,ECB,DPM_BAS_MCY_RES,"Mapping of Base, Main category"
DPM_VDF,ECB,DPM_VDF,Mapping of Factors considered in the valuation of derivatives
DPM_ROL,ECB,DPM_ROL,Mapping of Role in the contract
DPM_TSS,ECB,DPM_TSS,Mapping of Type of service received (Code list)
DPM_MCR,ECB,DPM_MCR,Mapping of Exclusion from Bail-in
DPM_TCV,ECB,DPM_TCV,Mapping of Type of coverage of deposits by a DGS
DPM_ORI,ECB,DPM_ORI,Mapping of Original maturity
DPM_RPR_RES,ECB,DPM_RPR_RES,Mapping of Related parties/Relationships
DPM_SUB_RES,ECB,DPM_SUB_RES,Mapping of Subordinated
DPM_MRE,ECB,DPM_MRE,Mapping of Eligibility for MREL
DPM_BAS_RES,ECB,DPM_BAS_RES,Mapping of Base
DPM_RPR_Z02,ECB,DPM_RPR_Z02,Mapping of Related parties/Relationships for the template Z02
DPM_CPS_CPY_CPZ,ECB,DPM_CPS_CPY_CPZ,"Mapping of Counterparty sector, Counterparty nature, Size of the counterparty"
DPM_RES,ECB,DPM_RES,Mapping of Residual maturity
DPM_BAS_MCB_MRE_SEL_MCY,ECB,DPM_BAS_MCB_MRE_SEL_MCY,"Mapping of Base, Main category, Instrument, Governed by law of an EU Member State, Eligibility for MREL"
DPM_CRH,ECB,DPM_CRH,Mapping of Critical function (CF to LE)
DPM_CIG,ECB,DPM_CIG,Mapping of Country of incorporation of guarantor
DPM_COM_Z04,ECB,DPM_COM_Z04,Mapping of Type of financial interconnection for the template Z04
DPM_SEL,ECB,DPM_SEL,Mapping of Governed by law of an EU Member State
DPM_COM_Z05.01,ECB,DPM_COM_Z05.01,Mapping of Type of financial interconnection for the template Z05.01
DPM_BAS_CPS_CPY_CPZ_MCB_MCY_NAT_TMA_TYA_PUR,ECB,DPM_BAS_CPS_CPY_CPZ_MCB_MCY_NAT_TMA_TYA_PUR,"Mapping of Base, Main category, Counterparty sector, Counterparty nature, Purpose, Type of activity, Type of market, Nature of activity, Size of the counterparty, Instrument"
DPM_COM_Z05.02,ECB,DPM_COM_Z05.02,Mapping of Type of financial interconnection for the template Z05.02
DPM_APL_BAS_CPS_CPY_MCB_MCY_NAT_TMA_TYA,ECB,DPM_APL_BAS_CPS_CPY_MCB_MCY_NAT_TMA_TYA,"Mapping of Base, Accounting portfolio, Main category, Counterparty sector, Counterparty nature, Type of activity, Type of market, Nature of activity, Instrument"
DPM_PUR_RES,ECB,DPM_PUR_RES,Mapping of Purpose
DPM_LCL,ECB,DPM_LCL,Mapping of Location of critical function (IS to LE and CF)
DPM_ATY_RES,ECB,DPM_ATY_RES,DPM_ATY_RES
DPM_ObservationValue,ECB,DPM_ObservationValue,DPM_ObservationValue
DPM_IFM,ECB,DPM_IFM,DPM_IFM
DPM_IDU,ECB,DPM_IDU,DPM_IDU
DPM_TSR,ECB,DPM_TSR,DPM_TSR
AMOUNT_CAT,ECB,AMOUNT_CAT,Mapping of Amount category for the template AMOUNTCAT
IR_BUS_COV,ECB,IR_BUS_COV,Mapping of IR business coverage for the template IRBUSCOV
MATURITY_NOT_IRATE,ECB,MATURITY_NOT_IRATE,Mapping of Original maturity/Period of notice/Initial rate fixation for the template MATURITYNOTIRATE
BS_ITEM_DATA_TYPE_MIR,ECB,BS_ITEM_DATA_TYPE_MIR,"Mapping of Balance sheet item, MFI interest rate data type for the template BSITEM"
CSDB_SHORTNAME,ECB,CSDB_SHORTNAME,CSDB_SHORTNAME
CSDB_SENIORITY,ECB,CSDB_SENIORITY,Mapping of Instrument seniority type for the template CSDBSENIORITY
CSDB_PRICEDATE,ECB,CSDB_PRICEDATE,CSDB_PRICEDATE
CSDB_VA_IFLCODE,ECB,CSDB_VA_IFLCODE,CSDB_VA_IFLCODE
CSDB_ISSUEPRICE,ECB,CSDB_ISSUEPRICE,CSDB_ISSUEPRICE
CSDB_VA_FVCCODE,ECB,CSDB_VA_FVCCODE,CSDB_VA_FVCCODE
CSDB_POOLFACTOR,ECB,CSDB_POOLFACTOR,CSDB_POOLFACTOR
CSDB_COUPONRATE,ECB,CSDB_COUPONRATE,CSDB_COUPONRATE
CSDB_SOURCECODE,ECB,CSDB_SOURCECODE,CSDB_SOURCECODE
CSDB_ISSUERNAME,ECB,CSDB_ISSUERNAME,CSDB_ISSUERNAME
CSDB_VA_YTMDATE,ECB,CSDB_VA_YTMDATE,CSDB_VA_YTMDATE
CSDB_COUPONDATE,ECB,CSDB_COUPONDATE,CSDB_COUPONDATE
CSDB_IDIRCOUNTRY,ECB,CSDB_IDIRCOUNTRY,Mapping of Issuer country for the template CSDBIDIRCOUNTRY
CSDB_IDISSUEDATE,ECB,CSDB_IDISSUEDATE,CSDB_IDISSUEDATE
CSDB_SPLITFACTOR,ECB,CSDB_SPLITFACTOR,CSDB_SPLITFACTOR
CSDB_VOLUMETRADED,ECB,CSDB_VOLUMETRADED,CSDB_VOLUMETRADED
CSDB_NUMBERISSUED,ECB,CSDB_NUMBERISSUED,CSDB_NUMBERISSUED
CSDB_CLOSINGPRICE,ECB,CSDB_CLOSINGPRICE,CSDB_CLOSINGPRICE
CSDB_ISCLASHGROUP,ECB,CSDB_ISCLASHGROUP,Mapping of Group type for the template CSDBISCLASHGROUP
CSDB_IDIRDEBTTYPE,ECB,CSDB_IDIRDEBTTYPE,Mapping of Debt type for the template CSDBIDIRDEBTTYPE
CSDB_IDUDCOMPOUND,ECB,CSDB_IDUDCOMPOUND,CSDB_IDUDCOMPOUND
CSDB_NOMINALVALUE,ECB,CSDB_NOMINALVALUE,CSDB_NOMINALVALUE
CSDB_AMOUNTISSUED,ECB,CSDB_AMOUNTISSUED,CSDB_AMOUNTISSUED
CSDB_IDIRDEBTTYPE_N,ECB,CSDB_IDIRDEBTTYPE_N,Mapping of Primary Asset Classification 2 for the template CSDBIDIRDEBTTYPEN
CSDB_MUTUALFUNDTYPE,ECB,CSDB_MUTUALFUNDTYPE,Mapping of Fund type for the template CSDBMUTUALFUNDTYPE
CSDB_SOURCECODETYPE,ECB,CSDB_SOURCECODETYPE,CSDB_SOURCECODETYPE
CSDB_DIVIDENDAMOUNT,ECB,CSDB_DIVIDENDAMOUNT,CSDB_DIVIDENDAMOUNT
CSDB_IDMATURITYDATE,ECB,CSDB_IDMATURITYDATE,CSDB_IDMATURITYDATE
CSDB_IDIRCOUPONTYPE,ECB,CSDB_IDIRCOUPONTYPE,Mapping of Coupon type for the template CSDBIDIRCOUPONTYPE
CSDB_VA_ESCBCODETYPE,ECB,CSDB_VA_ESCBCODETYPE,Mapping of ESCB issuer identifier type for the template CSDBVAESCBCODETYPE
CSDB_CORRECTION_DATE,ECB,CSDB_CORRECTION_DATE,CSDB_CORRECTION_DATE
CSDB_NORMALISEDPRICE,ECB,CSDB_NORMALISEDPRICE,CSDB_NORMALISEDPRICE
CSDB_ACCRUEDINTEREST,ECB,CSDB_ACCRUEDINTEREST,CSDB_ACCRUEDINTEREST
CSDB_SPLITFACTORDATE,ECB,CSDB_SPLITFACTORDATE,CSDB_SPLITFACTORDATE
CSDB_REDEMPTIONPRICE,ECB,CSDB_REDEMPTIONPRICE,CSDB_REDEMPTIONPRICE
CSDB_VA_BONDDURATION,ECB,CSDB_VA_BONDDURATION,CSDB_VA_BONDDURATION
CSDB_ISSUERSOURCECODE,ECB,CSDB_ISSUERSOURCECODE,CSDB_ISSUERSOURCECODE
CSDB_PUBLICATIONPRICE,ECB,CSDB_PUBLICATIONPRICE,CSDB_PUBLICATIONPRICE
CSDB_NOMINALVALUE_EUR,ECB,CSDB_NOMINALVALUE_EUR,CSDB_NOMINALVALUE_EUR
CSDB_AMOUNTISSUED_EUR,ECB,CSDB_AMOUNTISSUED_EUR,CSDB_AMOUNTISSUED_EUR
CSDB_ACCRUALSTARTDATE,ECB,CSDB_ACCRUALSTARTDATE,CSDB_ACCRUALSTARTDATE
CSDB_CLOSINGPRICE_EUR,ECB,CSDB_CLOSINGPRICE_EUR,CSDB_CLOSINGPRICE_EUR
CSDB_RESIDUALMATURITY,ECB,CSDB_RESIDUALMATURITY,CSDB_RESIDUALMATURITY
CSDB_IDIRASSETSECTYPE,ECB,CSDB_IDIRASSETSECTYPE,Mapping of Asset securitisation type for the template CSDBIDIRASSETSECTYPE
CSDB_VA_SECURITYSTATUS,ECB,CSDB_VA_SECURITYSTATUS,Mapping of Security status for the template CSDBVASECURITYSTATUS
CSDB_EXTERNALCODE_ISIN,ECB,CSDB_EXTERNALCODE_ISIN,CSDB_EXTERNALCODE_ISIN
CSDB_HASEMBEDDEDOPTION,ECB,CSDB_HASEMBEDDEDOPTION,Mapping of Has Embedded Option for the template CSDBHASEMBEDDEDOPTION
CSDB_MFMARKETSTRUCTURE,ECB,CSDB_MFMARKETSTRUCTURE,Mapping of Fund asset structure type for the template CSDBMFMARKETSTRUCTURE
CSDB_DEBTACCRUALDEBTOR,ECB,CSDB_DEBTACCRUALDEBTOR,CSDB_DEBTACCRUALDEBTOR
CSDB_AMOUNTOUTSTANDING,ECB,CSDB_AMOUNTOUTSTANDING,CSDB_AMOUNTOUTSTANDING
CSDB_DIVIDENDAMOUNTTYPE,ECB,CSDB_DIVIDENDAMOUNTTYPE,Mapping of Dividend amount type for the template CSDBDIVIDENDAMOUNTTYPE
CSDB_DIVIDENDAMOUNT_EUR,ECB,CSDB_DIVIDENDAMOUNT_EUR,CSDB_DIVIDENDAMOUNT_EUR
CSDB_IDIRCURRENCY_PRICE,ECB,CSDB_IDIRCURRENCY_PRICE,Mapping of Price currency for the template CSDBIDIRCURRENCYPRICE
CSDB_ISSUEREXTERNALCODE,ECB,CSDB_ISSUEREXTERNALCODE,CSDB_ISSUEREXTERNALCODE
CSDB_IDIRREDEMPTIONTYPE,ECB,CSDB_IDIRREDEMPTIONTYPE,Mapping of Redemption type for the template CSDBIDIRREDEMPTIONTYPE
CSDB_NUMBEROFSECURITIES,ECB,CSDB_NUMBEROFSECURITIES,CSDB_NUMBEROFSECURITIES
CSDB_PRIMARYLISTINGNAME,ECB,CSDB_PRIMARYLISTINGNAME,Mapping of Primary listing name for the template CSDBPRIMARYLISTINGNAME
CSDB_IDIRQUOTECONVENTION,ECB,CSDB_IDIRQUOTECONVENTION,CSDB_IDIRQUOTECONVENTION
CSDB_IDIRCURRENCY_COUPON,ECB,CSDB_IDIRCURRENCY_COUPON,Mapping of Coupon currency for the template CSDBIDIRCURRENCYCOUPON
CSDB_IDIRCOUPONFREQUENCY,ECB,CSDB_IDIRCOUPONFREQUENCY,Mapping of Last Coupon frequency for the template CSDBIDIRCOUPONFREQUENCY
CSDB_MONTHLYAVERAGEPRICE,ECB,CSDB_MONTHLYAVERAGEPRICE,CSDB_MONTHLYAVERAGEPRICE
CSDB_DEBTACCRUALCREDITOR,ECB,CSDB_DEBTACCRUALCREDITOR,CSDB_DEBTACCRUALCREDITOR
CSDB_DEBTACCRUALDEBTOR_DM,ECB,CSDB_DEBTACCRUALDEBTOR_DM,Mapping of Accrued income factor – value type  for the template CSDBDEBTACCRUALDEBTORDM
CSDB_MARKETCAPITALISATION,ECB,CSDB_MARKETCAPITALISATION,CSDB_MARKETCAPITALISATION
CSDB_YTMNONOPTIONADJUSTED,ECB,CSDB_YTMNONOPTIONADJUSTED,CSDB_YTMNONOPTIONADJUSTED
CSDB_IDIRCURRENCY_NOMINAL,ECB,CSDB_IDIRCURRENCY_NOMINAL,Mapping of Nominal currency for the template CSDBIDIRCURRENCYNOMINAL
CSDB_VA_ISELIGIBLEFOREADB,ECB,CSDB_VA_ISELIGIBLEFOREADB,Mapping of Is In EADB for the template CSDBVAISELIGIBLEFOREADB
CSDB_PUBLICATIONPRICETYPE,ECB,CSDB_PUBLICATIONPRICETYPE,Mapping of Price value type for the template CSDBPUBLICATIONPRICETYPE
CSDB_PUBLICATIONPRICEDATE,ECB,CSDB_PUBLICATIONPRICEDATE,CSDB_PUBLICATIONPRICEDATE
CSDB_VA_SECURITYSTATUSDATE,ECB,CSDB_VA_SECURITYSTATUSDATE,CSDB_VA_SECURITYSTATUSDATE
CSDB_PRIMARYLISTINGCOUNTRY,ECB,CSDB_PRIMARYLISTINGCOUNTRY,Mapping of Primary listing residency country for the template CSDBPRIMARYLISTINGCOUNTRY
CSDB_IDIRCURRENCY_DIVIDEND,ECB,CSDB_IDIRCURRENCY_DIVIDEND,Mapping of Dividend currency for the template CSDBIDIRCURRENCYDIVIDEND
CSDB_MFGEOGRAPHICSTRUCTURE,ECB,CSDB_MFGEOGRAPHICSTRUCTURE,Mapping of Fund geographical market structure for the template CSDBMFGEOGRAPHICSTRUCTURE
CSDB_EXTERNALCODE_NATIONAL,ECB,CSDB_EXTERNALCODE_NATIONAL,CSDB_EXTERNALCODE_NATIONAL
CSDB_AMOUNTOUTSTANDING_EUR,ECB,CSDB_AMOUNTOUTSTANDING_EUR,CSDB_AMOUNTOUTSTANDING_EUR
CSDB_AMOUNTOUTSTANDINGTYPE,ECB,CSDB_AMOUNTOUTSTANDINGTYPE,Mapping of Amounts Outstanding type for the template CSDBAMOUNTOUTSTANDINGTYPE
CSDB_ISSUEREXTERNALCODE_BIC,ECB,CSDB_ISSUEREXTERNALCODE_BIC,CSDB_ISSUEREXTERNALCODE_BIC
CSDB_ISSUEREXTERNALCODE_BEI,ECB,CSDB_ISSUEREXTERNALCODE_BEI,CSDB_ISSUEREXTERNALCODE_BEI
CSDB_ISSUEREXTERNALCODE_LEI,ECB,CSDB_ISSUEREXTERNALCODE_LEI,CSDB_ISSUEREXTERNALCODE_LEI
CSDB_ISSUEREXTERNALCODE_MFI,ECB,CSDB_ISSUEREXTERNALCODE_MFI,CSDB_ISSUEREXTERNALCODE_MFI
CSDB_DIVIDENDSETTLEMENTDATE,ECB,CSDB_DIVIDENDSETTLEMENTDATE,CSDB_DIVIDENDSETTLEMENTDATE
CSDB_IDIRCURRENCY_REDEMPTION,ECB,CSDB_IDIRCURRENCY_REDEMPTION,Mapping of Redemption currency for the template CSDBIDIRCURRENCYREDEMPTION
CSDB_VA_TOTALOUTSTANDDEBTEUR,ECB,CSDB_VA_TOTALOUTSTANDDEBTEUR,CSDB_VA_TOTALOUTSTANDDEBTEUR
CSDB_MONTHLYAVERAGEPRICE_EUR,ECB,CSDB_MONTHLYAVERAGEPRICE_EUR,CSDB_MONTHLYAVERAGEPRICE_EUR
CSDB_IDIRORGANISATION_ISSUER,ECB,CSDB_IDIRORGANISATION_ISSUER,CSDB_IDIRORGANISATION_ISSUER
CSDB_IDIRREDEMPTIONFREQUENCY,ECB,CSDB_IDIRREDEMPTIONFREQUENCY,Mapping of Redemption frequency for the template CSDBIDIRREDEMPTIONFREQUENCY
CSDB_MARKETCAPITALISATION_EUR,ECB,CSDB_MARKETCAPITALISATION_EUR,CSDB_MARKETCAPITALISATION_EUR
CSDB_VA_RESIDUALMATURITYCLASS,ECB,CSDB_VA_RESIDUALMATURITYCLASS,Mapping of Residual maturity class for the template CSDBVARESIDUALMATURITYCLASS
CSDB_IDIRCURRENCY_AMOUNTOUTST,ECB,CSDB_IDIRCURRENCY_AMOUNTOUTST,Mapping of Currency of the amount issued for the template CSDBIDIRCURRENCYAMOUNTOUTST
CSDB_IDIRCURRENCY_AMOUNTISSUED,ECB,CSDB_IDIRCURRENCY_AMOUNTISSUED,Mapping of Currency of the amount outstanding for the template CSDBIDIRCURRENCYAMOUNTISSUED
CSDB_VA_TOTALOUTSTANDEQUITYEUR,ECB,CSDB_VA_TOTALOUTSTANDEQUITYEUR,CSDB_VA_TOTALOUTSTANDEQUITYEUR
CSDB_VA_PUBLICATIONPRICESTDDEV,ECB,CSDB_VA_PUBLICATIONPRICESTDDEV,CSDB_VA_PUBLICATIONPRICESTDDEV
CSDB_IDIRCLASSIFICATIONCODE_NACE,ECB,CSDB_IDIRCLASSIFICATIONCODE_NACE,Mapping of Issuer NACE sector  for the template CSDBIDIRCLASSIFICATIONCODENACE
CSDB_IDIRCLASSIFICATIONCODE_ESAO10,ECB,CSDB_IDIRCLASSIFICATIONCODE_ESAO10,Mapping of Issuer ESA 2010 sector for the template CSDBIDIRCLASSIFICATIONCODEESAO10
CSDB_IDIRCLASSIFICATIONCODE_ESAI10,ECB,CSDB_IDIRCLASSIFICATIONCODE_ESAI10,Mapping of Instrument ESA 2010 class for the template CSDBIDIRCLASSIFICATIONCODEESAI10
CSDB_PUBLICATIONPRICEQUOTATIONBASIS,ECB,CSDB_PUBLICATIONPRICEQUOTATIONBASIS,Mapping of Quotation basis for the template CSDBPUBLICATIONPRICEQUOTATIONBASIS
SHS_PD,ECB,SHS_PD,SHS_PD
SHS_TPH,ECB,SHS_TPH,Mapping of Third Party Holdings Relevance for Aggregation for the template SHS
SHS_ESCB,ECB,SHS_ESCB,Mapping of ESCB for the template SHS
SHS_FREQ,ECB,SHS_FREQ,Mapping of Frequency for the template SHS
SHS_ISIN,ECB,SHS_ISIN,SHS_ISIN
SHS_PERIOD,ECB,SHS_PERIOD,SHS_PERIOD
SHS_EAPLUS,ECB,SHS_EAPLUS,Mapping of EA plus for the template SHS
SHS_MRKT_VL,ECB,SHS_MRKT_VL,SHS_MRKT_VL
SHS_ARREARS,ECB,SHS_ARREARS,SHS_ARREARS
SHS_NMNL_VL,ECB,SHS_NMNL_VL,SHS_NMNL_VL
SHS_REF_AREA,ECB,SHS_REF_AREA,Mapping of Reporting Country for the template SHS
SHS_RSK_WGHT,ECB,SHS_RSK_WGHT,SHS_RSK_WGHT
SHS_EXPSR_VL,ECB,SHS_EXPSR_VL,SHS_EXPSR_VL
SHS_LGD_NRML,ECB,SHS_LGD_NRML,SHS_LGD_NRML
SHS_MAT_DATE,ECB,SHS_MAT_DATE,SHS_MAT_DATE
SHS_GROUP_ID,ECB,SHS_GROUP_ID,SHS_GROUP_ID
SHS_NOM_CURR,ECB,SHS_NOM_CURR,Mapping of Nominal currency for the template SHS
SHS_ISSUER_ID,ECB,SHS_ISSUER_ID,SHS_ISSUER_ID
SHS_GROUP_LEI,ECB,SHS_GROUP_LEI,SHS_GROUP_LEI
SHS_ENTITY_ID,ECB,SHS_ENTITY_ID,SHS_ENTITY_ID
SHS_YIELD_MAT,ECB,SHS_YIELD_MAT,SHS_YIELD_MAT
SHS_DEBT_TYPE,ECB,SHS_DEBT_TYPE,Mapping of Debt type for the template SHS
SHS_EARLY_RED,ECB,SHS_EARLY_RED,Mapping of Early redemptions included for the template SHS
SHS_ISSUE_DATE,ECB,SHS_ISSUE_DATE,SHS_ISSUE_DATE
SHS_GROUP_AREA,ECB,SHS_GROUP_AREA,Mapping of Country of residence of the group for the template SHS
SHS_PRICE_DATE,ECB,SHS_PRICE_DATE,SHS_PRICE_DATE
SHS_ISSUER_LEI,ECB,SHS_ISSUER_LEI,SHS_ISSUER_LEI
SHS_GROUP_TYPE,ECB,SHS_GROUP_TYPE,Mapping of Group type for the template SHS
SHS_IDENTIFIER,ECB,SHS_IDENTIFIER,SHS_IDENTIFIER
SHS_EXPSR_CLSS,ECB,SHS_EXPSR_CLSS,Mapping of Exposure class as defined in accordance with Regulation (EU) No 575/2013 for the template SHS
SHS_ENTITY_LEI,ECB,SHS_ENTITY_LEI,SHS_ENTITY_LEI
SHS_GROUP_NAME,ECB,SHS_GROUP_NAME,SHS_GROUP_NAME
SHS_AMOUNT_OUT,ECB,SHS_AMOUNT_OUT,SHS_AMOUNT_OUT
SHS_POOLFACTOR,ECB,SHS_POOLFACTOR,SHS_POOLFACTOR
SHS_MARKET_CAP,ECB,SHS_MARKET_CAP,SHS_MARKET_CAP
SHS_SHORT_NAME,ECB,SHS_SHORT_NAME,SHS_SHORT_NAME
SHS_IS_IN_EADB,ECB,SHS_IS_IN_EADB,Mapping of Is in EADB for the template SHS
SHS_PRI_MRKT_VL,ECB,SHS_PRI_MRKT_VL,SHS_PRI_MRKT_VL
SHS_PRICE_VALUE,ECB,SHS_PRICE_VALUE,SHS_PRICE_VALUE
SHS_FRBRNC_STTS,ECB,SHS_FRBRNC_STTS,"Mapping of 	Status of forbearance and renegotiation for the template SHS"
SHS_OTH_MRKT_VL,ECB,SHS_OTH_MRKT_VL,SHS_OTH_MRKT_VL
SHS_COUPON_TYPE,ECB,SHS_COUPON_TYPE,Mapping of Coupon type for the template SHS
SHS_TIME_PERIOD,ECB,SHS_TIME_PERIOD,SHS_TIME_PERIOD
SHS_ENTITY_AREA,ECB,SHS_ENTITY_AREA,Mapping of Country of residency of the entity for the template SHS
SHS_ISSUE_PRICE,ECB,SHS_ISSUE_PRICE,SHS_ISSUE_PRICE
SHS_HOLDER_AREA,ECB,SHS_HOLDER_AREA,Mapping of Holder Country for the template SHS
SHS_INC_MRKT_VL,ECB,SHS_INC_MRKT_VL,SHS_INC_MRKT_VL
SHS_LGD_DWNTRNS,ECB,SHS_LGD_DWNTRNS,SHS_LGD_DWNTRNS
SHS_OWN_MRKT_VL,ECB,SHS_OWN_MRKT_VL,SHS_OWN_MRKT_VL
SHS_CRRYNG_AMNT,ECB,SHS_CRRYNG_AMNT,SHS_CRRYNG_AMNT
SHS_ISSUER_NAME,ECB,SHS_ISSUER_NAME,SHS_ISSUER_NAME
SHS_TRN_MRKT_VL,ECB,SHS_TRN_MRKT_VL,SHS_TRN_MRKT_VL
SHS_INSTR_CLASS,ECB,SHS_INSTR_CLASS,Mapping of Instrument ESA 2010 class for the template SHS
SHS_EXR_MRKT_VL,ECB,SHS_EXR_MRKT_VL,SHS_EXR_MRKT_VL
SHS_ENTITY_NAME,ECB,SHS_ENTITY_NAME,SHS_ENTITY_NAME
SHS_ARREARS_DATE,ECB,SHS_ARREARS_DATE,SHS_ARREARS_DATE
SHS_IMPRMNT_STTS,ECB,SHS_IMPRMNT_STTS,Mapping of Imparement status for the template SHS
SHS_PRFRMNG_STTS,ECB,SHS_PRFRMNG_STTS,Mapping of Performing status for the template SHS
SHS_SRC_ENCMBRNC,ECB,SHS_SRC_ENCMBRNC,Mapping of Source of encumbrance for the template SHS
SHS_REP_NOM_CURR,ECB,SHS_REP_NOM_CURR,Mapping of Reported Nominal currency for the template SHS
SHS_PRDNTL_PRTFL,ECB,SHS_PRDNTL_PRTFL,Mapping of Prudential portfolio for the template SHS
SHS_UNIT_MEASURE,ECB,SHS_UNIT_MEASURE,Mapping of Unit for the template SHS
SHS_GROUP_SECTOR,ECB,SHS_GROUP_SECTOR,Mapping of ESA 2010 Sector of the head of Group for the template SHS
SHS_ACCR_INTR_MV,ECB,SHS_ACCR_INTR_MV,Mapping of Accrued interests for market values for the template SHS
SHS_GUARANTOR_ID,ECB,SHS_GUARANTOR_ID,SHS_GUARANTOR_ID
SHS_ENTITY_SECTOR,ECB,SHS_ENTITY_SECTOR,Mapping of ESA 2010 sector of the entity for the template SHS
SHS_COMPILING_ORG,ECB,SHS_COMPILING_ORG,Mapping of Reporting institution code for the template SHS
SHS_ENTITY_STATUS,ECB,SHS_ENTITY_STATUS,Mapping of Entity status for the template SHS
SHS_NOMINAL_VALUE,ECB,SHS_NOMINAL_VALUE,SHS_NOMINAL_VALUE
SHS_HOLDER_SECTOR,ECB,SHS_HOLDER_SECTOR,Mapping of Holder Sector for the template SHS
SHS_ACCR_INTEREST,ECB,SHS_ACCR_INTEREST,SHS_ACCR_INTEREST
SHS_ORIG_MAT_DAYS,ECB,SHS_ORIG_MAT_DAYS,SHS_ORIG_MAT_DAYS
SHS_ISSUER_SECTOR,ECB,SHS_ISSUER_SECTOR,Mapping of Issuer ESA 2010 sector for the template SHS
SHS_GROUP_ID_TYPE,ECB,SHS_GROUP_ID_TYPE,Mapping of Group ID type for the template SHS
SHS_ENTITY_ID_TYPE,ECB,SHS_ENTITY_ID_TYPE,Mapping of Entity ID type  for the template SHS
SHS_ISSUER_ID_TYPE,ECB,SHS_ISSUER_ID_TYPE,Mapping of Issuer ID type for the template SHS
SHS_AMOUNT_OUT_EUR,ECB,SHS_AMOUNT_OUT_EUR,SHS_AMOUNT_OUT_EUR
SHS_MONTH_AV_PRICE,ECB,SHS_MONTH_AV_PRICE,SHS_MONTH_AV_PRICE
SHS_DFLT_STTS_ISSR,ECB,SHS_DFLT_STTS_ISSR,Mapping of Default status of the issuer for the template SHS
SHS_LEVEL_IN_GROUP,ECB,SHS_LEVEL_IN_GROUP,SHS_LEVEL_IN_GROUP
SHS_DT_FRBRNC_STTS,ECB,SHS_DT_FRBRNC_STTS,SHS_DT_FRBRNC_STTS
SHS_RESID_MAT_DAYS,ECB,SHS_RESID_MAT_DAYS,SHS_RESID_MAT_DAYS
SHS_SENIORITY_TYPE,ECB,SHS_SENIORITY_TYPE,Mapping of Instrument seniority type for the template SHS
SHS_ISSUER_COUNTRY,ECB,SHS_ISSUER_COUNTRY,Mapping of Issuer country for the template SHS
SHS_MARKET_CAP_EUR,ECB,SHS_MARKET_CAP_EUR,SHS_MARKET_CAP_EUR
SHS_INTERN_ORG_CODE,ECB,SHS_INTERN_ORG_CODE,SHS_INTERN_ORG_CODE
SHS_IDENTIFIER_TYPE,ECB,SHS_IDENTIFIER_TYPE,Mapping of Identifier type for the template SHS
SHS_ACCMLTD_IMPRMNT,ECB,SHS_ACCMLTD_IMPRMNT,SHS_ACCMLTD_IMPRMNT
SHS_UNIT_MEASURE_NV,ECB,SHS_UNIT_MEASURE_NV,Mapping of Unit for Nominal Value for the template SHS
SHS_REPORTING_BASIS,ECB,SHS_REPORTING_BASIS,Mapping of Reporting basis  for the template SHS
SHS_QUOTATION_BASIS,ECB,SHS_QUOTATION_BASIS,Mapping of Quotation basis for the template SHS
SHS_DIVIDEND_AMOUNT,ECB,SHS_DIVIDEND_AMOUNT,SHS_DIVIDEND_AMOUNT
SHS_DT_PRFRMNG_STTS,ECB,SHS_DT_PRFRMNG_STTS,SHS_DT_PRFRMNG_STTS
SHS_COLLATERAL_AREA,ECB,SHS_COLLATERAL_AREA,Mapping of Collateral geographical location for the template SHS
SHS_SECURITY_STATUS,ECB,SHS_SECURITY_STATUS,Mapping of Security status for the template SHS
SHS_ISSUER_MFI_CODE,ECB,SHS_ISSUER_MFI_CODE,SHS_ISSUER_MFI_CODE
SHS_LAST_SPLIT_DATE,ECB,SHS_LAST_SPLIT_DATE,SHS_LAST_SPLIT_DATE
SHS_ORIG_MAT_BRACKET,ECB,SHS_ORIG_MAT_BRACKET,Mapping of Original maturity bracket (category) for the template SHS
SHS_MONTH_AV_PRICE_2,ECB,SHS_MONTH_AV_PRICE_2,SHS_MONTH_AV_PRICE_2
SHS_LAST_COUPON_DATE,ECB,SHS_LAST_COUPON_DATE,SHS_LAST_COUPON_DATE
SHS_LAST_COUPON_RATE,ECB,SHS_LAST_COUPON_RATE,SHS_LAST_COUPON_RATE
SHS_REDEMPTION_PRICE,ECB,SHS_REDEMPTION_PRICE,SHS_REDEMPTION_PRICE
SHS_PRICE_VALUE_TYPE,ECB,SHS_PRICE_VALUE_TYPE,Mapping of Price value type for the template SHS
SHS_MONTH_AV_PRICE_1,ECB,SHS_MONTH_AV_PRICE_1,SHS_MONTH_AV_PRICE_1
SHS_LAST_COUPON_FREQ,ECB,SHS_LAST_COUPON_FREQ,Mapping of Last coupon date for the template SHS
SHS_ACCNTNG_CLSSFCTN,ECB,SHS_ACCNTNG_CLSSFCTN,Mapping of Accounting classification of instruments for the template SHS
SHS_RESID_MAT_BRACKET,ECB,SHS_RESID_MAT_BRACKET,Mapping of Residual maturity bracket (category) for the template SHS
SHS_LAST_SPLIT_FACTOR,ECB,SHS_LAST_SPLIT_FACTOR,SHS_LAST_SPLIT_FACTOR
SHS_DT_DFLT_STTS_ISSR,ECB,SHS_DT_DFLT_STTS_ISSR,SHS_DT_DFLT_STTS_ISSR
SHS_PRICE_VALUE_BASIS,ECB,SHS_PRICE_VALUE_BASIS,Mapping of Price value basis for the template SHS
SHS_GUARANTOR_ID_TYPE,ECB,SHS_GUARANTOR_ID_TYPE,Mapping of Guarantor ID type for the template SHS
SHS_DIVIDEND_CURRENCY,ECB,SHS_DIVIDEND_CURRENCY,Mapping of Dividend currency for the template SHS
SHS_ISSUER_NACE_SECTOR,ECB,SHS_ISSUER_NACE_SECTOR,Mapping of Issuer NACE sector for the template SHS
SHS_GROUP_ACC_STANDARD,ECB,SHS_GROUP_ACC_STANDARD,Mapping of Accounting Standard of the Group for the template SHS
SHS_DFLT_STTS_INSTRMNT,ECB,SHS_DFLT_STTS_INSTRMNT,Mapping of Default status of the instrument for the template SHS
SHS_ACCR_INCOME_FACTOR,ECB,SHS_ACCR_INCOME_FACTOR,SHS_ACCR_INCOME_FACTOR
SHS_ENTITY_STATUS_DATE,ECB,SHS_ENTITY_STATUS_DATE,SHS_ENTITY_STATUS_DATE
SHS_PRIMARY_ASSET_CLASS,ECB,SHS_PRIMARY_ASSET_CLASS,Mapping of Primary asset classification for the template SHS
SHS_IMMEDIATE_PARENT_ID,ECB,SHS_IMMEDIATE_PARENT_ID,SHS_IMMEDIATE_PARENT_ID
SHS_ENTITY_ACC_STANDARD,ECB,SHS_ENTITY_ACC_STANDARD,Mapping of Accounting Standard of the entity for the template SHS
SHS_DIVIDEND_SETTL_DATE,ECB,SHS_DIVIDEND_SETTL_DATE,SHS_DIVIDEND_SETTL_DATE
SHS_ACCMLTD_CHNGS_FV_CR,ECB,SHS_ACCMLTD_CHNGS_FV_CR,SHS_ACCMLTD_CHNGS_FV_CR
SHS_FUNCTIONAL_CATEGORY,ECB,SHS_FUNCTIONAL_CATEGORY,Mapping of Function for the template SHS
SHS_APPRCH_PRDNTL_PRPSS,ECB,SHS_APPRCH_PRDNTL_PRPSS,Mapping of Approach for prudential purposes for the template SHS
SHS_DIVIDEND_AMOUNT_TYPE,ECB,SHS_DIVIDEND_AMOUNT_TYPE,Mapping of Dividend amount type for the template SHS
SHS_SECURITY_STATUS_DATE,ECB,SHS_SECURITY_STATUS_DATE,SHS_SECURITY_STATUS_DATE
SHS_CMLTV_RCVRS_SNC_DFLT,ECB,SHS_CMLTV_RCVRS_SNC_DFLT,SHS_CMLTV_RCVRS_SNC_DFLT
SHS_DT_DFLT_STTS_INSTRMNT,ECB,SHS_DT_DFLT_STTS_INSTRMNT,SHS_DT_DFLT_STTS_INSTRMNT
SHS_IMPRMNT_ASSSSMNT_MTHD,ECB,SHS_IMPRMNT_ASSSSMNT_MTHD,Mapping of Impairment assessment method for the template SHS
SHS_INTRA_GROUP_ACC_SCOPE,ECB,SHS_INTRA_GROUP_ACC_SCOPE,Mapping of Issuer is part of the Group (accounting scope) for the template SHS
SHS_INTRA_GROUP_PRUD_SCOPE,ECB,SHS_INTRA_GROUP_PRUD_SCOPE,Mapping of Issuer is part of the Group (prudential scope) for the template SHS
SHS_IMMEDIATE_PARENT_ID_TYPE,ECB,SHS_IMMEDIATE_PARENT_ID_TYPE,Mapping of Immediate parent ID type for the template SHS
SHS_ASSET_SECURITISATION_TYPE,ECB,SHS_ASSET_SECURITISATION_TYPE,Mapping of Asset securitisation type for the template SHS
FREQ,ECB,FREQ,Mapping of Frequency for the template FREQ
REF_AREA,ECB,REF_AREA,Mapping of Reference area for the template REFAREA
ADJUSTMENT,ECB,ADJUSTMENT,Mapping of Adjustment indicator for the template ADJUSTMENT
BS_REP_SECTOR,ECB,BS_REP_SECTOR,Mapping of BS reference sector breakdown for the template BSREPSECTOR
MATURITY_ORIG,ECB,MATURITY_ORIG,"Mapping of Balance sheet item, Data type, Original maturity for the template MATURITYORIG"
COUNT_AREA,ECB,COUNT_AREA,Mapping of Counterpart area for the template COUNTAREA
BS_COUNT_SECTOR,ECB,BS_COUNT_SECTOR,Mapping of BS counterpart sector for the template BSCOUNTSECTOR
CURRENCY_TRANS,ECB,CURRENCY_TRANS,Mapping of Currency of transaction for the template CURRENCYTRANS
BS_SUFFIX,ECB,BS_SUFFIX,Mapping of Balance sheet suffix for the template BSSUFFIX
OBS_DATE,ECB,OBS_DATE,OBS_DATE
OBS_VALUE,ECB,OBS_VALUE,OBS_VALUE
MFI_LIST_IND,ECB,MFI_LIST_IND,MFI_LIST_IND
DPM_ECC_MCG_AE_F36.02.b,ECB,DPM_ECC_MCG_AE_F36.02.b,"Mapping of Main category of collateral or guarantee received, Exposure class of the collateral received for the template AEF36.02.b"
DPM_CPE_AE_F32.04.b,ECB,DPM_CPE_AE_F32.04.b,Mapping of Counterparty sector of the source of encumbrance for the template AEF32.04.b
DPM_CPE_CPS_AE_F32.04.a,ECB,DPM_CPE_CPS_AE_F32.04.a,"Mapping of Counterparty sector of the source of encumbrance, Counterparty sector for the template AEF32.04.a"
DPM_MCY_AE_F32.03.a,ECB,DPM_MCY_AE_F32.03.a,Mapping of Main category for the template AEF32.03.a
DPM_BAS_EXC_MCG_MCY_AE_F32.01,ECB,DPM_BAS_EXC_MCG_MCY_AE_F32.01,"Mapping of Base, Exposure class, Main category of collateral or guarantee received, Main category for the template AEF32.01"
DPM_CPC_AE_F36.01.b,ECB,DPM_CPC_AE_F36.01.b,Mapping of Counterparty sector of the collateral for the template AEF36.01.b
DPM_MCS_AE_F32.04.b,ECB,DPM_MCS_AE_F32.04.b,Mapping of Main category of the source of encumbrance for the template AEF32.04.b
DPM_MCS_SST_AE_F32.03.a,ECB,DPM_MCS_SST_AE_F32.03.a,"Mapping of Main category of the source of encumbrance, Securitisation structure for the template AEF32.03.a"
DPM_BAS_ECC_EXC_MCG_MCY_AE_F36.02.a,ECB,DPM_BAS_ECC_EXC_MCG_MCY_AE_F36.02.a,"Mapping of Base, Exposure class of the collateral received, Exposure class, Main category of collateral or guarantee received, Main category for the template AEF36.02.a"
DPM_BAS_EXC_MCY_AE_F36.01.a,ECB,DPM_BAS_EXC_MCY_AE_F36.01.a,"Mapping of Base, Main category, Exposure class for the template AEF36.01.a"
DPM_CPS_AE_F32.01,ECB,DPM_CPS_AE_F32.01,Mapping of Counterparty sector for the template AEF32.01
DPM_CPC_AE_F32.02.a,ECB,DPM_CPC_AE_F32.02.a,Mapping of Counterparty sector of the collateral for the template AEF32.02.a
DPM_BAS_MCS_MCY_AE_F32.04.a,ECB,DPM_BAS_MCS_MCY_AE_F32.04.a,"Mapping of Base, Main category, Main category of the source of encumbrance for the template AEF32.04.a"
DPM_ECC_MCG_AE_F36.01.b,ECB,DPM_ECC_MCG_AE_F36.01.b,"Mapping of Main category of collateral or guarantee received, Exposure class of the collateral received for the template AEF36.01.b"
DPM_BAS_ECC_EXC_MCG_MCY_AE_F32.02.a,ECB,DPM_BAS_ECC_EXC_MCG_MCY_AE_F32.02.a,"Mapping of Base, Exposure class of the collateral received, Exposure class, Main category of collateral or guarantee received, Main category for the template AEF32.02.a"
DPM_ATY_AE,ECB,DPM_ATY_AE,Mapping of Metric for the template AE
DPM_mi109,ECB,DPM_mi109,DPM_mi109
DPM_mi110,ECB,DPM_mi110,DPM_mi110
DPM_mi134,ECB,DPM_mi134,DPM_mi134
DPM_mi135,ECB,DPM_mi135,DPM_mi135
DPM_mi136,ECB,DPM_mi136,DPM_mi136
DPM_mi164,ECB,DPM_mi164,DPM_mi164
DPM_mi170,ECB,DPM_mi170,DPM_mi170
DPM_mi172,ECB,DPM_mi172,DPM_mi172
DPM_mi191,ECB,DPM_mi191,DPM_mi191
DPM_mi195,ECB,DPM_mi195,DPM_mi195
DPM_mi339,ECB,DPM_mi339,DPM_mi339
DPM_mi340,ECB,DPM_mi340,DPM_mi340
DPM_mi35,ECB,DPM_mi35,DPM_mi35
DPM_mi37,ECB,DPM_mi37,DPM_mi37
DPM_mi43,ECB,DPM_mi43,DPM_mi43
DPM_mi45,ECB,DPM_mi45,DPM_mi45
DPM_mi500,ECB,DPM_mi500,DPM_mi500
DPM_mi501,ECB,DPM_mi501,DPM_mi501
DPM_mi502,ECB,DPM_mi502,DPM_mi502
DPM_mi503,ECB,DPM_mi503,DPM_mi503
DPM_mi504,ECB,DPM_mi504,DPM_mi504
DPM_mi505,ECB,DPM_mi505,DPM_mi505
DPM_mi506,ECB,DPM_mi506,DPM_mi506
DPM_mi507,ECB,DPM_mi507,DPM_mi507
DPM_mi508,ECB,DPM_mi508,DPM_mi508
DPM_mi65,ECB,DPM_mi65,DPM_mi65
DPM_mi7,ECB,DPM_mi7,DPM_mi7
DPM_mi9,ECB,DPM_mi9,DPM_mi9
DPM_md103,ECB,DPM_md103,DPM_md103
DPM_md104,ECB,DPM_md104,DPM_md104
DPM_md105,ECB,DPM_md105,DPM_md105
DPM_md108,ECB,DPM_md108,DPM_md108
DPM_md11,ECB,DPM_md11,DPM_md11
DPM_md114,ECB,DPM_md114,DPM_md114
DPM_md12,ECB,DPM_md12,DPM_md12
DPM_md13,ECB,DPM_md13,DPM_md13
DPM_md131,ECB,DPM_md131,DPM_md131
DPM_md139,ECB,DPM_md139,DPM_md139
DPM_md14,ECB,DPM_md14,DPM_md14
DPM_md140,ECB,DPM_md140,DPM_md140
DPM_md147,ECB,DPM_md147,DPM_md147
DPM_md149,ECB,DPM_md149,DPM_md149
DPM_md150,ECB,DPM_md150,DPM_md150
DPM_md151,ECB,DPM_md151,DPM_md151
DPM_md186,ECB,DPM_md186,DPM_md186
DPM_md197,ECB,DPM_md197,DPM_md197
DPM_md199,ECB,DPM_md199,DPM_md199
DPM_md200,ECB,DPM_md200,DPM_md200
DPM_md201,ECB,DPM_md201,DPM_md201
DPM_md202,ECB,DPM_md202,DPM_md202
DPM_md203,ECB,DPM_md203,DPM_md203
DPM_md210,ECB,DPM_md210,DPM_md210
DPM_md216,ECB,DPM_md216,DPM_md216
DPM_md233,ECB,DPM_md233,DPM_md233
DPM_md239,ECB,DPM_md239,DPM_md239
DPM_md240,ECB,DPM_md240,DPM_md240
DPM_md241,ECB,DPM_md241,DPM_md241
DPM_md242,ECB,DPM_md242,DPM_md242
DPM_md249,ECB,DPM_md249,DPM_md249
DPM_md251,ECB,DPM_md251,DPM_md251
DPM_md252,ECB,DPM_md252,DPM_md252
DPM_md254,ECB,DPM_md254,DPM_md254
DPM_md46,ECB,DPM_md46,DPM_md46
DPM_md509,ECB,DPM_md509,DPM_md509
DPM_md510,ECB,DPM_md510,DPM_md510
DPM_md511,ECB,DPM_md511,DPM_md511
DPM_md512,ECB,DPM_md512,DPM_md512
DPM_md513,ECB,DPM_md513,DPM_md513
DPM_md514,ECB,DPM_md514,DPM_md514
DPM_md515,ECB,DPM_md515,DPM_md515
DPM_md516,ECB,DPM_md516,DPM_md516
DPM_md59,ECB,DPM_md59,DPM_md59
DPM_md60,ECB,DPM_md60,DPM_md60
DPM_md62,ECB,DPM_md62,DPM_md62
DPM_md67,ECB,DPM_md67,DPM_md67
DPM_md69,ECB,DPM_md69,DPM_md69
DPM_md70,ECB,DPM_md70,DPM_md70
DPM_md71,ECB,DPM_md71,DPM_md71
DPM_md72,ECB,DPM_md72,DPM_md72
DPM_md73,ECB,DPM_md73,DPM_md73
DPM_md83,ECB,DPM_md83,DPM_md83
DPM_md85,ECB,DPM_md85,DPM_md85
DPM_pi221,ECB,DPM_pi221,DPM_pi221
DPM_pi223,ECB,DPM_pi223,DPM_pi223
DPM_si168,ECB,DPM_si168,DPM_si168
DPM_si169,ECB,DPM_si169,DPM_si169
DPM_si288,ECB,DPM_si288,DPM_si288
DPM_si289,ECB,DPM_si289,DPM_si289
DPM_si299,ECB,DPM_si299,DPM_si299
DPM_ei138,ECB,DPM_ei138,Mapping of Group structure
DPM_ei152,ECB,DPM_ei152,Mapping of Jurisdiction of incorporation
DPM_ei218,ECB,DPM_ei218,Mapping of Sector
DPM_ei219,ECB,DPM_ei219,Mapping of Sector of the counterparty
DPM_ei364,ECB,DPM_ei364,Mapping of Accounting consolidation code (IFRS Group)
DPM_ei365,ECB,DPM_ei365,Mapping of Accounting consolidation code (CRR Group)
DPM_di113,ECB,DPM_di113,DPM_di113
DPM_mi772,ECB,DPM_mi772,DPM_mi772
DPM_md677,ECB,DPM_md677,DPM_md677
DPM_md771,ECB,DPM_md771,DPM_md771
DPM_mi679,ECB,DPM_mi679,DPM_mi679
DPM_mi678,ECB,DPM_mi678,DPM_mi678
DPM_mi66,ECB,DPM_mi66,DPM_mi66
DPM_md675,ECB,DPM_md675,DPM_md675
DPM_ii676,ECB,DPM_ii676,DPM_ii676
DPM_mi770,ECB,DPM_mi770,DPM_mi770
DPM_md683,ECB,DPM_md683,DPM_md683
DPM_md684,ECB,DPM_md684,DPM_md684
DPM_md685,ECB,DPM_md685,DPM_md685
DPM_md686,ECB,DPM_md686,DPM_md686
DPM_md687,ECB,DPM_md687,DPM_md687
DPM_mi688,ECB,DPM_mi688,DPM_mi688
DPM_mi689,ECB,DPM_mi689,DPM_mi689
DPM_ri695,ECB,DPM_ri695,DPM_ri695
DPM_mi696,ECB,DPM_mi696,DPM_mi696
DPM_mi697,ECB,DPM_mi697,DPM_mi697
DPM_ri769,ECB,DPM_ri769,DPM_ri769
DPM_ii699,ECB,DPM_ii699,DPM_ii699
DPM_mi690,ECB,DPM_mi690,DPM_mi690
DPM_mi691,ECB,DPM_mi691,DPM_mi691
DPM_mi692,ECB,DPM_mi692,DPM_mi692
DPM_mi693,ECB,DPM_mi693,DPM_mi693
DPM_ii694,ECB,DPM_ii694,DPM_ii694
DPM_mi682,ECB,DPM_mi682,DPM_mi682
DPM_si477,ECB,DPM_si477,DPM_si477
DPM_si476,ECB,DPM_si476,DPM_si476
DPM_si475,ECB,DPM_si475,DPM_si475
DPM_BAS,ECB,DPM_BAS,Mapping of Base
DPM_ValueString,ECB,DPM_ValueString,DPM_ValueString
DPM_BAS_APL,ECB,DPM_BAS_APL,"Mapping of Accounting portfolio, Base"
DPM_CPS,ECB,DPM_CPS,Mapping of Counterparty sector
DPM_MCB_MCY,ECB,DPM_MCB_MCY,"Mapping of Main category, Instrument"
DPM_MCG,ECB,DPM_MCG,Mapping of Main category of collateral or guarantee received
DPM_PUR,ECB,DPM_PUR,Mapping of Purpose
DPM_CPS_CPZ,ECB,DPM_CPS_CPZ,"Mapping of Counterparty sector, Size of the counterparty"
DPM_MCB_MCY_2.9,ECB,DPM_MCB_MCY_2.9,"Mapping of Main category, Instrument for the template 2.9"
DPM_PFS,ECB,DPM_PFS,Mapping of Performing status
DPM_REF,ECB,DPM_REF,Mapping of Reference date or period
DPM_FBS,ECB,DPM_FBS,Mapping of Forbearance status
DPM_MCB_MCY_MCG,ECB,DPM_MCB_MCY_MCG,"Mapping of Main category, Main category of collateral or guarantee received, Instrument"
DPM_PFS_TPD,ECB,DPM_PFS_TPD,"Mapping of Performing status, Time past due"
DPM_FLW,ECB,DPM_FLW,Mapping of Flows (direction)
DPM_CPS_CPZ_MCC_MCG_MCY_PUR,ECB,DPM_CPS_CPZ_MCC_MCG_MCY_PUR,"Mapping of Main category of collateral or guarantee given, Main category, Counterparty sector, Main category of collateral or guarantee received, Purpose, Size of the counterparty"
DPM_BAS_MCY,ECB,DPM_BAS_MCY,"Mapping of Base, Main category"
DPM_MCV_F_16.08,ECB,DPM_MCV_F_16.08,Mapping of (Sub-)Type of expense for the template F16.08
DPM_BAS_ALO_IMS_APL,ECB,DPM_BAS_ALO_IMS_APL,"Mapping of Base, Accounting portfolio, Impairment status, Type of allowance"
DPM_CPS_CPZ_MCY_TMA,ECB,DPM_CPS_CPZ_MCY_TMA,"Mapping of Main category, Counterparty sector, Size of the counterparty, Type of market"
DPM_LAC,ECB,DPM_LAC,Mapping of Location of the activities
DPM_MCE_APL,ECB,DPM_MCE_APL,"Mapping of Main category that generates income or expenses, Accounting portfolio"
DPM_CTL_MCG,ECB,DPM_CTL_MCG,"Mapping of Collateralisation level, Main category of collateral or guarantee received"
DPM_FLT_FLW,ECB,DPM_FLT_FLW,"Mapping of Flows (direction), Flows (type / source / reason)"
DPM_NPE,ECB,DPM_NPE,Mapping of Details on NPE classification
DPM_PIR,ECB,DPM_PIR,Mapping of Date / period of initial recognition
DPM_POV,ECB,DPM_POV,Mapping of Date / period of valuation
DPM_TIE,ECB,DPM_TIE,Mapping of Time elapsed since initial recognition
DPM_TYA_F_24.01,ECB,DPM_TYA_F_24.01,Mapping of Type of activity for the template F24.01
DPM_CNO,ECB,DPM_CNO,Mapping of Controlling and non-controlling owners
DPM_TRI_F_02.00,ECB,DPM_TRI_F_02.00,Mapping of Type of risk for the template F02.00
DPM_IMS_F_06.01,ECB,DPM_IMS_F_06.01,Mapping of Impairment status for the template F06.01
DPM_MCY,ECB,DPM_MCY,Mapping of Main category
DPM_NAC,ECB,DPM_NAC,Mapping of NACE code counterparty
DPM_APL,ECB,DPM_APL,Mapping of Accounting portfolio
DPM_BAS_MCY_PFS,ECB,DPM_BAS_MCY_PFS,"Mapping of Base, Main category, Performing status"
DPM_RPR,ECB,DPM_RPR,Mapping of Related parties/Relationships
DPM_TYR,ECB,DPM_TYR,Mapping of Type of activity of Related parties/Relationships
DPM_BAS_MCE_MCY_TYA_2.9,ECB,DPM_BAS_MCE_MCY_TYA_2.9,"Mapping of Main category, Base, Main category that generates income or expenses, Type of activity for the template 2.9"
DPM_BAS_MCV_MCY_TRE,ECB,DPM_BAS_MCV_MCY_TRE,"Mapping of Base, Main category, (Sub-)Type of expense, Type of remuneration"
DPM_TSA,ECB,DPM_TSA,Mapping of Type of staff  (RF)
DPM_SUB,ECB,DPM_SUB,Mapping of Subordinated
DPM_BAS_CPS_MCB_MCY_APL,ECB,DPM_BAS_CPS_MCB_MCY_APL,"Mapping of Base, Main category, Counterparty sector, Accounting portfolio, Instrument"
DPM_MCF,ECB,DPM_MCF,Mapping of Hedged or hedging instrument
DPM_TYH_F_20.01,ECB,DPM_TYH_F_20.01,Mapping of Type of hedge for the template F20.01
DPM_BAS_MCF_MCH_MCY,ECB,DPM_BAS_MCF_MCH_MCY,"Mapping of Base, Main category, Main category of hedged item, Hedged or hedging instrument"
DPM_MCA,ECB,DPM_MCA,Mapping of Main category of hedging instrument
DPM_MCE,ECB,DPM_MCE,Mapping of Main category that generates income or expenses
DPM_REC,ECB,DPM_REC,Mapping of To be reclassified to profit or loss
DPM_LTG,ECB,DPM_LTG,Mapping of Litigation status
DPM_BAS_MCB_MCY_APL_F_42.00,ECB,DPM_BAS_MCB_MCY_APL_F_42.00,"Mapping of Base, Main category, Accounting portfolio, Instrument for the template F42.00"
DPM_CPS_MCB_MCY,ECB,DPM_CPS_MCB_MCY,"Mapping of Main category, Counterparty sector, Instrument"
DPM_IMS,ECB,DPM_IMS,Mapping of Impairment status
DPM_TPD,ECB,DPM_TPD,Mapping of Time past due
DPM_BAS_MCY_APL,ECB,DPM_BAS_MCY_APL,"Mapping of Main category, Accounting portfolio, Base"
DPM_CPS_MCB_MCE_TYH_IMS_APL_PUR,ECB,DPM_CPS_MCB_MCE_TYH_IMS_APL_PUR,"Mapping of Main category that generates income or expenses, Counterparty sector, Type of hedge, Purpose, Instrument, Impairment status for the template APL"
DPM_MCV_F_44.03,ECB,DPM_MCV_F_44.03,Mapping of (Sub-)Type of expense for the template F44.03
DPM_CPS_CPZ_MCY,ECB,DPM_CPS_CPZ_MCY,"Mapping of Main category, Counterparty sector, Size of the counterparty"
DPM_TRI_F_04.03.1,ECB,DPM_TRI_F_04.03.1,Mapping of Type of risk for the template F04.03.1
DPM_BAS_CPS_MCY,ECB,DPM_BAS_CPS_MCY,"Mapping of Base, Main category, Counterparty sector"
DPM_IMS_PFS_2.9,ECB,DPM_IMS_PFS_2.9,"Mapping of Impairment status, Performing status for the template 2.9"
DPM_BAS_APL_2.9,ECB,DPM_BAS_APL_2.9,"Mapping of Accounting portfolio, Base for the template 2.9"
DPM_CPS_CPZ_MCB_MCG_MCY_PUR,ECB,DPM_CPS_CPZ_MCB_MCG_MCY_PUR,"Mapping of Main category, Instrument, Counterparty sector, Size of the counterparty, Main category of collateral or guarantee received, Purpose"
DPM_FRS_IMS_PFS_TPD,ECB,DPM_FRS_IMS_PFS_TPD,"Mapping of Impairment status, Performing status, Time past due, Financial reporting standard"
DPM_MCB,ECB,DPM_MCB,Mapping of Instrument
DPM_FBS_F_19.00,ECB,DPM_FBS_F_19.00,Mapping of Forbearance status for the template F19.00
DPM_IMS_PFS,ECB,DPM_IMS_PFS,"Mapping of Impairment status, Performing status"
DPM_CPS_CPZ_MCB_MCY_PUR,ECB,DPM_CPS_CPZ_MCB_MCY_PUR,"Mapping of Main category, Instrument, Counterparty sector, Size of the counterparty, Purpose"
DPM_CPS_MCB_MCU_MCY,ECB,DPM_CPS_MCB_MCU_MCY,"Mapping of Main category, Instrument, Main category of the underlying, Counterparty sector"
DPM_BAS_CPS_CPZ_MCB_MCG_MCY_MCP_PUR_APL,ECB,DPM_BAS_CPS_CPZ_MCB_MCG_MCY_MCP_PUR_APL,"Mapping of Base, Main category, Main category that generates the provision, Accounting portfolio, Counterparty sector, Size of the counterparty, Main category of collateral or guarantee received, Purpose, Instrument"
DPM_IMS_PFS_TPD_2.9,ECB,DPM_IMS_PFS_TPD_2.9,"Mapping of Impairment status, Performing status, Time past due for the template 2.9"
DPM_PAF,ECB,DPM_PAF,Mapping of Date / period of application of forbearance measure
DPM_TFM,ECB,DPM_TFM,Mapping of Type of forbearance measure
DPM_FRS,ECB,DPM_FRS,Mapping of Financial reporting standard
DPM_MCP,ECB,DPM_MCP,Mapping of Main category that generates the provision
DPM_ALO,ECB,DPM_ALO,Mapping of Type of allowance
DPM_RCP,ECB,DPM_RCP,Mapping of Residence of counterparty
DPM_IMS_PFS_TPD_F_18.02,ECB,DPM_IMS_PFS_TPD_F_18.02,"Mapping of Impairment status, Performing status, Time past due for the template F18.02"
DPM_PFS_F_26.00.b,ECB,DPM_PFS_F_26.00.b,Mapping of Performing status for the template F26.00.b
DPM_CPS_MCE_TYH_IMS_APL,ECB,DPM_CPS_MCE_TYH_IMS_APL,"Mapping of Main category that generates income or expenses, Accounting portfolio, Counterparty sector, Type of hedge, Impairment status"
DPM_TIS,ECB,DPM_TIS,Mapping of Transfer between impairment stages
DPM_CPS_MCY_TMA,ECB,DPM_CPS_MCY_TMA,"Mapping of Main category, Counterparty sector, Type of market"
DPM_LEC_2,ECB,DPM_LEC_2,DPM_LEC_2
DPM_STC,ECB,DPM_STC,DPM_STC
DPM_CPS_MCP,ECB,DPM_CPS_MCP,"Mapping of Main category that generates the provision, Counterparty sector"
DPM_BAS_MCP_MCY,ECB,DPM_BAS_MCP_MCY,"Mapping of Base, Main category, Main category that generates the provision"
DPM_BAS_MDC_MCP_MCY_RPR,ECB,DPM_BAS_MDC_MCP_MCY_RPR,"Mapping of Base, Main category, Main category that generates the provision, Main category of the Defined benefit plan assets, Related parties/Relationships for the template MDC"
DPM_TRI,ECB,DPM_TRI,Mapping of Type of risk
DPM_LEC_1,ECB,DPM_LEC_1,DPM_LEC_1
DPM_MCI,ECB,DPM_MCI,Mapping of Main category provided of Investee
DPM_TMA,ECB,DPM_TMA,Mapping of Type of market
DPM_CPS_MCY,ECB,DPM_CPS_MCY,"Mapping of Main category, Counterparty sector"
DPM_TYH,ECB,DPM_TYH,Mapping of Type of hedge
DPM_BAS_CNO_MCB_MCY_APL,ECB,DPM_BAS_CNO_MCB_MCY_APL,"Mapping of Main category, Instrument, Accounting portfolio, Base, Controlling and non-controlling owners"
DPM_SCO,ECB,DPM_SCO,Mapping of Scope of consolidation
DPM_SOL,ECB,DPM_SOL,Mapping of Subject to operating lease (reporting entity lessor)
DPM_MCE_APL_PLD,ECB,DPM_MCE_APL_PLD,"Mapping of Main category that generates income or expenses, Accounting portfolio, Designation (Fair value option)"
DPM_BAS_MCB_MCY,ECB,DPM_BAS_MCB_MCY,"Mapping of Base, Instrument, Main category"
DPM_CNO_F_46.00,ECB,DPM_CNO_F_46.00,Mapping of Controlling and non-controlling owners for the template F46.00
DPM_PFS_F_31.02,ECB,DPM_PFS_F_31.02,Mapping of Performing status for the template F31.02
DPM_BAS_CNO_MCB_MCF_MCY_REC,ECB,DPM_BAS_CNO_MCB_MCF_MCY_REC,"Mapping of Base, Instrument, Main category, Controlling and non-controlling owners, To be reclassified to profit or loss, Hedged or hedging instrument"
DPM_BAS_MCE_MCY_TYA,ECB,DPM_BAS_MCE_MCY_TYA,"Mapping of Main category, Base, Main category that generates income or expenses, Type of activity"
DPM_MCE_TYH,ECB,DPM_MCE_TYH,"Mapping of Main category that generates income or expenses, Type of hedge"
DPM_TYA,ECB,DPM_TYA,Mapping of Type of activity
DPM_FVH,ECB,DPM_FVH,Mapping of Fair value hierarchy
DPM_ALO_F_12.00,ECB,DPM_ALO_F_12.00,Mapping of Type of allowance for the template F12.00
DPM_DPS,ECB,DPM_DPS,Mapping of Derivatives Purchased/Sold
DPM_CPS_MCB_MCY_TMA_TRI,ECB,DPM_CPS_MCB_MCY_TMA_TRI,"Mapping of Main category, Counterparty sector, Type of risk, Type of market, Instrument"
DPM_PLD,ECB,DPM_PLD,Mapping of Designation (Fair value option)
DPM_BAS_CPS_MCB_MCY,ECB,DPM_BAS_CPS_MCB_MCY,"Mapping of Counterparty sector, Main category, Base, Instrument"
DPM_BAS_MCB_MCY_RUA_APL,ECB,DPM_BAS_MCB_MCY_RUA_APL,"Mapping of Base, Main category, Accounting portfolio, Instrument, Rigth-of-use assets"
DPM_BAS_MCB_MCY_APL,ECB,DPM_BAS_MCB_MCY_APL,"Mapping of Base, Main category, Accounting portfolio, Instrument"
DPM_LHC,ECB,DPM_LHC,DPM_LHC
DPM_LHO,ECB,DPM_LHO,Mapping of Is LEI Code/National Code of Holding
DPM_LIN,ECB,DPM_LIN,DPM_LIN
DPM_TYC,ECB,DPM_TYC,Mapping of Is LEI Code/National Code of Investee
DPM_IMS_3.0,ECB,DPM_IMS_3.0,Mapping of Impairment status for the template 3.0
DPM_CPS_CPZ_MCG_MCY_PUR,ECB,DPM_CPS_CPZ_MCG_MCY_PUR,"Mapping of Main category, Counterparty sector, Size of the counterparty, Main category of collateral or guarantee received, Purpose"
DPM_ACT,ECB,DPM_ACT,Mapping of Accounting treatment
DPM_TRT,ECB,DPM_TRT,Mapping of Type of risk transfer
DPM_MCT_PLT,ECB,DPM_MCT_PLT,"Mapping of Main category of the transferred financial asset to which the liability is associated to, Accounting portfolio of the transferred financial asset to which the liability is associated to"
DPM_BAS_CPS_CPZ_MCG_MCY_MCP_PUR_APL,ECB,DPM_BAS_CPS_CPZ_MCG_MCY_MCP_PUR_APL,"Mapping of Base, Main category, Main category that generates the provision, Accounting portfolio, Counterparty sector, Size of the counterparty, Main category of collateral or guarantee received, Purpose"
DPM_BAS_CPS_MCY_APL,ECB,DPM_BAS_CPS_MCY_APL,"Mapping of Counterparty sector, Main category, Accounting portfolio, Base"
DPM_IMS_PFS_TPD,ECB,DPM_IMS_PFS_TPD,"Mapping of Impairment status, Performing status, Time past due"
DPM_MCE_APL_RPR,ECB,DPM_MCE_APL_RPR,"Mapping of Main category that generates income or expenses, Accounting portfolio, Related parties/Relationships"
DPM_BAS_MCY_APL_RPR,ECB,DPM_BAS_MCY_APL_RPR,"Mapping of Main category, Accounting portfolio, Base, Related parties/Relationships"
DPM_IMS_PFS_TPD_3.0,ECB,DPM_IMS_PFS_TPD_3.0,"Mapping of Impairment status, Performing status, Time past due for the template 3.0"
DPM_FRS_IMS_PFS_TPD_3.0,ECB,DPM_FRS_IMS_PFS_TPD_3.0,"Mapping of Impairment status, Performing status, Time past due, Financial reporting standard for the template 3.0"
DPM_IMS_PFS_3.0,ECB,DPM_IMS_PFS_3.0,"Mapping of Impairment status, Performing status for the template 3.0"
DPM_ATY_FINREP,ECB,DPM_ATY_FINREP,DPM_ATY_FINREP
DPM_mi53,ECB,DPM_mi53,DPM_mi53
DPM_mi129,ECB,DPM_mi129,DPM_mi129
DPM_mi287,ECB,DPM_mi287,DPM_mi287
DPM_mi290,ECB,DPM_mi290,DPM_mi290
DPM_mi279,ECB,DPM_mi279,DPM_mi279
DPM_mi291,ECB,DPM_mi291,DPM_mi291
DPM_mi296,ECB,DPM_mi296,DPM_mi296
DPM_bi327,ECB,DPM_bi327,DPM_bi327
DPM_ei328,ECB,DPM_ei328,Mapping of Primary asset class of cover pool
DPM_si294,ECB,DPM_si294,DPM_si294
DPM_si293,ECB,DPM_si293,DPM_si293
DPM_si292,ECB,DPM_si292,DPM_si292
DPM_si295,ECB,DPM_si295,DPM_si295
DPM_si297,ECB,DPM_si297,DPM_si297
DPM_ei4,ECB,DPM_ei4,Mapping of Accounting standard
DPM_ei207,ECB,DPM_ei207,Mapping of Reporting level
DPM_BAS_CPS_EXC_MCG_MCY_AE_F32.01,ECB,DPM_BAS_CPS_EXC_MCG_MCY_AE_F32.01,"Mapping of Base, Exposure class, Main category of collateral or guarantee received, Main category, Counterparty sector for the template AEF32.01"
DPM_ENC_LQA_AE_F32.01,ECB,DPM_ENC_LQA_AE_F32.01,"Mapping of Encumbrance, Liquidity quality of assets for the template AEF32.01"
DPM_RPR_AE,ECB,DPM_RPR_AE,Mapping of Related parties/Relationships for the template AE
DPM_RiadCode,ECB,DPM_RiadCode,DPM_RiadCode
DPM_Period,ECB,DPM_Period,DPM_Period
DPM_Entity2,ECB,DPM_Entity2,DPM_Entity2
DPM_ValueDecimal,ECB,DPM_ValueDecimal,DPM_ValueDecimal
DPM_BAS_MCG_MCY_AE_F33.00.a,ECB,DPM_BAS_MCG_MCY_AE_F33.00.a,"Mapping of Base, Main category, Main category of collateral or guarantee received for the template AEF33.00.a"
DPM_ENC_AE,ECB,DPM_ENC_AE,Mapping of Encumbrance for the template AE
DPM_EUT_AE,ECB,DPM_EUT_AE,Mapping of Time of encumbrance for the template AE
DPM_BAS_CPC_ECC_EXC_MCG_MCY_AE_F32.02.a,ECB,DPM_BAS_CPC_ECC_EXC_MCG_MCY_AE_F32.02.a,"Mapping of Base, Exposure class of the collateral received, Exposure class, Main category of collateral or guarantee received, Main category, Counterparty sector of the collateral for the template AEF32.02.a"
DPM_TMA_AE_F32.04b,ECB,DPM_TMA_AE_F32.04b,Mapping of Type of market for the template AEF32.04b
DPM_CPE_MCS_AE_F32.04.b,ECB,DPM_CPE_MCS_AE_F32.04.b,"Mapping of Counterparty sector of the source of encumbrance, Main category of the source of encumbrance for the template AEF32.04.b"
DPM_BAS_MCS_MCY_AE_F35.00.a,ECB,DPM_BAS_MCS_MCY_AE_F35.00.a,"Mapping of Base, Main category, Main category of the source of encumbrance for the template AEF35.00.a"
DPM_CBC,ECB,DPM_CBC,DPM_CBC
DPM_BAS_MCY_AE_F32.02.b,ECB,DPM_BAS_MCY_AE_F32.02.b,"Mapping of Base, Main category for the template AEF32.02.b"
DPM_CUS_AE,ECB,DPM_CUS_AE,Mapping of Currency with significant liabilities for the template AE
DPM_CSC_AE,ECB,DPM_CSC_AE,Mapping of Contingent scenario/Assumptions used for the template AE
DPM_BAS_AE_F32.03.a,ECB,DPM_BAS_AE_F32.03.a,Mapping of Base for the template AEF32.03.a
DPM_MCS_MCY_SST_AE_F32.03.a,ECB,DPM_MCS_MCY_SST_AE_F32.03.a,"Mapping of Main category, Main category of the source of encumbrance, Securitisation structure for the template AEF32.03.a"
DPM_BAS_EXC_MCY_AE_F32.04.b,ECB,DPM_BAS_EXC_MCY_AE_F32.04.b,"Mapping of Base, Exposure class, Main category for the template AEF32.04.b"
DPM_LQC_AE_F36.02.c,ECB,DPM_LQC_AE_F36.02.c,Mapping of Liquidity quality of collateral received for the template AEF36.02.c
DPM_LQC_AE_F32.02.a,ECB,DPM_LQC_AE_F32.02.a,Mapping of Liquidity quality of collateral received for the template AEF32.02.a
DPM_BAS_CPE_CPS_MCS_MCY_AE_F32.04.a,ECB,DPM_BAS_CPE_CPS_MCS_MCY_AE_F32.04.a,"Mapping of Base, Main category, Main category of the source of encumbrance, Counterparty sector of the source of encumbrance, Counterparty sector for the template AEF32.04.a"
DPM_TMA_AE_F32.04a,ECB,DPM_TMA_AE_F32.04a,Mapping of Type of market for the template AEF32.04a
DPM_CPC_ECC_MCG_AE_F36.01.b,ECB,DPM_CPC_ECC_MCG_AE_F36.01.b,"Mapping of Main category of collateral or guarantee received, Exposure class of the collateral received, Counterparty sector of the collateral for the template AEF36.01.b"
DPM_RPR_AE_F36,ECB,DPM_RPR_AE_F36,Mapping of Related parties/Relationships for the template AEF36
DPM_SCC_AE,ECB,DPM_SCC_AE,Mapping of Specific contract clauses or netting agreements for the template AE
DPM_CPC_ECC_MCG_AE_F36.02.b,ECB,DPM_CPC_ECC_MCG_AE_F36.02.b,"Mapping of Main category of collateral or guarantee received, Exposure class of the collateral received, Counterparty sector of the collateral for the template AEF36.02.b"
DPM_REF_RES_AE_F35.00.a,ECB,DPM_REF_RES_AE_F35.00.a,"Mapping of Reference date or period, Residual maturity for the template AEF35.00.a"
DPM_BAS_MCY_SST_AE_F32.03.b,ECB,DPM_BAS_MCY_SST_AE_F32.03.b,"Mapping of Base, Main category, Securitisation structure for the template AEF32.03.b"
DPM_ENC_AE_F32.02.a,ECB,DPM_ENC_AE_F32.02.a,Mapping of Encumbrance for the template AEF32.02.a
DPM_LQA_AE_F32.03.b,ECB,DPM_LQA_AE_F32.03.b,Mapping of Liquidity quality of assets for the template AEF32.03.b
DPM_BAS_CPS_EXC_MCY_AE_F36.01.a,ECB,DPM_BAS_CPS_EXC_MCY_AE_F36.01.a,"Mapping of Base, Counterparty sector, Exposure class, Main category for the template AEF36.01.a"
DPM_MCG_AE,ECB,DPM_MCG_AE,Mapping of Main category of collateral or guarantee received for the template AE
DPM_LQA_AE_F36.01.c,ECB,DPM_LQA_AE_F36.01.c,Mapping of Liquidity quality of assets for the template AEF36.01.c
DPM_CRA_AE,ECB,DPM_CRA_AE,Mapping of Credit rating agency /Covered bond regime for the template AE
DPM_BAS_CRA_AE_F35.00.c,ECB,DPM_BAS_CRA_AE_F35.00.c,"Mapping of Base, Credit rating agency /Covered bond regime for the template AEF35.00.c"
DPM_ValueDecimalString,ECB,DPM_ValueDecimalString,DPM_ValueDecimalString
